{"nm":"Freebies","ddd":0,"h":800,"w":980,"meta":{"g":"@lottiefiles/toolkit-js 0.26.1"},"layers":[{"ty":3,"nm":"Null 8","sr":1,"st":0,"op":120,"ip":0,"hd":false,"ddd":0,"bm":0,"hasMask":false,"ao":0,"ks":{"a":{"a":0,"k":[50,50,0],"ix":1},"s":{"a":0,"k":[100,100,100],"ix":6},"sk":{"a":0,"k":0},"p":{"a":0,"k":[858.8,334,0],"ix":2},"r":{"a":0,"k":0,"ix":10},"sa":{"a":0,"k":0},"o":{"a":0,"k":0,"ix":11}},"ef":[],"ind":1},{"ty":4,"nm":"hand phone","sr":1,"st":0,"op":120,"ip":0,"hd":false,"ddd":0,"bm":0,"hasMask":false,"ao":0,"ks":{"a":{"a":0,"k":[612.527,732.322,0],"ix":1},"s":{"a":0,"k":[100,100,100],"ix":6},"sk":{"a":0,"k":0},"p":{"a":0,"k":[612.527,732.322,0],"ix":2},"r":{"a":1,"k":[{"o":{"x":0.001,"y":0},"i":{"x":0.26,"y":1},"s":[0],"t":26},{"o":{"x":0.001,"y":0},"i":{"x":0.26,"y":1},"s":[5],"t":33},{"o":{"x":0.001,"y":0},"i":{"x":0.26,"y":1},"s":[0],"t":40},{"o":{"x":0.001,"y":0},"i":{"x":0.26,"y":1},"s":[0],"t":66},{"o":{"x":0.001,"y":0},"i":{"x":0.26,"y":1},"s":[5],"t":73},{"o":{"x":0.001,"y":0},"i":{"x":0.26,"y":1},"s":[0],"t":80},{"o":{"x":0.001,"y":0},"i":{"x":0.26,"y":1},"s":[0],"t":106},{"o":{"x":0.001,"y":0},"i":{"x":0.26,"y":1},"s":[5],"t":113},{"s":[0],"t":120}],"ix":10},"sa":{"a":0,"k":0},"o":{"a":0,"k":100,"ix":11}},"ef":[],"shapes":[{"ty":"gr","bm":0,"hd":false,"mn":"ADBE Vector Group","nm":"Group 7","ix":1,"cix":2,"np":3,"it":[{"ty":"gr","bm":0,"hd":false,"mn":"ADBE Vector Group","nm":"Group 7","ix":1,"cix":2,"np":1,"it":[{"ty":"gr","bm":0,"hd":false,"mn":"ADBE Vector Group","nm":"Group 1","ix":1,"cix":2,"np":2,"it":[{"ty":"sh","bm":0,"hd":false,"mn":"ADBE Vector Shape - Group","nm":"Path 1","ix":1,"d":1,"ks":{"a":0,"k":{"c":true,"i":[[0.278,0],[4.034,3.395],[1.463,1.15],[0.957,1.259],[-0.88,0.668],[-0.668,-0.879],[-2.389,-1.877],[-1.118,-0.941],[-5.11,0.179],[-0.135,0.01],[-0.082,-1.101],[1.102,-0.083],[7.506,-0.267]],"o":[[-5.245,0],[-1.068,-0.898],[-3.662,-2.878],[-0.668,-0.879],[0.881,-0.67],[0.718,0.945],[1.49,1.172],[2.79,2.347],[7.428,-0.264],[1.105,-0.075],[0.083,1.102],[-0.136,0.01],[-0.227,0.008]],"v":[[42.591,187.535],[19.374,182.697],[15.46,179.562],[8.369,173.444],[8.752,170.642],[11.555,171.024],[17.932,176.417],[21.948,179.637],[43.208,183.525],[64.2,182.247],[66.344,184.092],[64.499,186.236],[43.351,187.522]]},"ix":2}},{"ty":"fl","bm":0,"hd":false,"mn":"ADBE Vector Graphic - Fill","nm":"Fill 1","c":{"a":0,"k":[0,0,0],"ix":4},"r":1,"o":{"a":0,"k":100,"ix":5}},{"ty":"tr","a":{"a":0,"k":[0,0],"ix":1},"s":{"a":0,"k":[100,100],"ix":3},"sk":{"a":0,"k":0,"ix":4},"p":{"a":0,"k":[0,0],"ix":2},"r":{"a":0,"k":0,"ix":6},"sa":{"a":0,"k":0,"ix":5},"o":{"a":0,"k":100,"ix":7}}]},{"ty":"tr","a":{"a":0,"k":[37.156,178.884],"ix":1},"s":{"a":0,"k":[100,100],"ix":3},"sk":{"a":0,"k":0,"ix":4},"p":{"a":0,"k":[37.156,178.884],"ix":2},"r":{"a":0,"k":0,"ix":6},"sa":{"a":0,"k":0,"ix":5},"o":{"a":0,"k":100,"ix":7}}]},{"ty":"gr","bm":0,"hd":false,"mn":"ADBE Vector Group","nm":"Group 8","ix":2,"cix":2,"np":1,"it":[{"ty":"gr","bm":0,"hd":false,"mn":"ADBE Vector Group","nm":"Group 1","ix":1,"cix":2,"np":2,"it":[{"ty":"sh","bm":0,"hd":false,"mn":"ADBE Vector Shape - Group","nm":"Path 1","ix":1,"d":1,"ks":{"a":0,"k":{"c":true,"i":[[4.106,0],[11.493,5.623],[1.688,1.298],[-0.673,0.876],[-0.875,-0.673],[-0.708,-0.347],[-17.14,0.94],[-0.061,-1.104],[1.104,-0.061]],"o":[[-9.859,0],[-1.208,-0.591],[-0.876,-0.673],[0.674,-0.876],[1.865,1.434],[15.345,7.508],[1.09,-0.05],[0.061,1.103],[-5.079,0.279]],"v":[[42.815,197.724],[13.344,190.707],[8.001,187.119],[7.634,184.314],[10.438,183.948],[15.102,187.114],[56.191,193.209],[58.298,195.097],[56.41,197.203]]},"ix":2}},{"ty":"fl","bm":0,"hd":false,"mn":"ADBE Vector Graphic - Fill","nm":"Fill 1","c":{"a":0,"k":[0,0,0],"ix":4},"r":1,"o":{"a":0,"k":100,"ix":5}},{"ty":"tr","a":{"a":0,"k":[0,0],"ix":1},"s":{"a":0,"k":[100,100],"ix":3},"sk":{"a":0,"k":0,"ix":4},"p":{"a":0,"k":[0,0],"ix":2},"r":{"a":0,"k":0,"ix":6},"sa":{"a":0,"k":0,"ix":5},"o":{"a":0,"k":100,"ix":7}}]},{"ty":"tr","a":{"a":0,"k":[32.76,190.628],"ix":1},"s":{"a":0,"k":[100,100],"ix":3},"sk":{"a":0,"k":0,"ix":4},"p":{"a":0,"k":[32.76,190.628],"ix":2},"r":{"a":0,"k":0,"ix":6},"sa":{"a":0,"k":0,"ix":5},"o":{"a":0,"k":100,"ix":7}}]},{"ty":"gr","bm":0,"hd":false,"mn":"ADBE Vector Group","nm":"Group 9","ix":3,"cix":2,"np":1,"it":[{"ty":"gr","bm":0,"hd":false,"mn":"ADBE Vector Group","nm":"Group 1","ix":1,"cix":2,"np":2,"it":[{"ty":"sh","bm":0,"hd":false,"mn":"ADBE Vector Shape - Group","nm":"Path 1","ix":1,"d":1,"ks":{"a":0,"k":{"c":true,"i":[[5.177,0],[2.596,0.352],[5.867,4.415],[-0.665,0.883],[-0.884,-0.665],[-6.304,-0.855],[-0.1,0.009],[-0.109,-1.098],[1.1,-0.109]],"o":[[-2.692,0],[-5.441,-0.738],[-0.883,-0.664],[0.662,-0.882],[4.602,3.462],[7.118,0.967],[1.115,-0.115],[0.108,1.099],[-0.279,0.028]],"v":[[39.172,206.061],[30.998,205.591],[13.395,199.28],[12.999,196.479],[15.799,196.084],[31.535,201.627],[48.691,201.619],[50.879,203.412],[49.086,205.6]]},"ix":2}},{"ty":"fl","bm":0,"hd":false,"mn":"ADBE Vector Graphic - Fill","nm":"Fill 1","c":{"a":0,"k":[0,0,0],"ix":4},"r":1,"o":{"a":0,"k":100,"ix":5}},{"ty":"tr","a":{"a":0,"k":[0,0],"ix":1},"s":{"a":0,"k":[100,100],"ix":3},"sk":{"a":0,"k":0,"ix":4},"p":{"a":0,"k":[0,0],"ix":2},"r":{"a":0,"k":0,"ix":6},"sa":{"a":0,"k":0,"ix":5},"o":{"a":0,"k":100,"ix":7}}]},{"ty":"tr","a":{"a":0,"k":[31.743,200.871],"ix":1},"s":{"a":0,"k":[100,100],"ix":3},"sk":{"a":0,"k":0,"ix":4},"p":{"a":0,"k":[31.743,200.871],"ix":2},"r":{"a":0,"k":0,"ix":6},"sa":{"a":0,"k":0,"ix":5},"o":{"a":0,"k":100,"ix":7}}]},{"ty":"tr","a":{"a":0,"k":[36.785,188.147],"ix":1},"s":{"a":0,"k":[100,100],"ix":3},"sk":{"a":0,"k":0,"ix":4},"p":{"a":0,"k":[578.785,732.147],"ix":2},"r":{"a":0,"k":0,"ix":6},"sa":{"a":0,"k":0,"ix":5},"o":{"a":0,"k":100,"ix":7}}]},{"ty":"gr","bm":0,"hd":false,"mn":"ADBE Vector Group","nm":"Group 1","ix":2,"cix":2,"np":2,"it":[{"ty":"sh","bm":0,"hd":false,"mn":"ADBE Vector Shape - Group","nm":"Path 1","ix":1,"d":1,"ks":{"a":0,"k":{"c":false,"i":[[0,0],[-0.078,-1.387],[-0.974,-0.991],[-7.281,-0.988],[0,0],[0,0]],"o":[[-1.317,0.443],[0.078,1.387],[6.142,6.251],[7.442,1.01],[0,0],[0,0]],"v":[[-22.241,-9.263],[-24.384,-5.885],[-18.961,0],[0.987,8.814],[18.61,8.814],[24.389,-7.369]]},"ix":2}},{"ty":"fl","bm":0,"hd":false,"mn":"ADBE Vector Graphic - Fill","nm":"Fill 1","c":{"a":0,"k":[1,1,1],"ix":4},"r":1,"o":{"a":0,"k":100,"ix":5}},{"ty":"tr","a":{"a":0,"k":[0,0],"ix":1},"s":{"a":0,"k":[100,100],"ix":3},"sk":{"a":0,"k":0,"ix":4},"p":{"a":0,"k":[570.279,737.795],"ix":2},"r":{"a":0,"k":0,"ix":6},"sa":{"a":0,"k":0,"ix":5},"o":{"a":0,"k":100,"ix":7}}]},{"ty":"gr","bm":0,"hd":false,"mn":"ADBE Vector Group","nm":"Group 2","ix":3,"cix":2,"np":2,"it":[{"ty":"sh","bm":0,"hd":false,"mn":"ADBE Vector Shape - Group","nm":"Path 1","ix":1,"d":1,"ks":{"a":0,"k":{"c":false,"i":[[0,0],[1.413,-1.807],[-0.999,-1.381],[-1.531,-0.749],[-17.435,0.956],[0,0]],"o":[[0,0],[-1.05,1.343],[0.999,1.381],[15.792,7.726],[0,0],[0,0]],"v":[[-20.018,-8.873],[-28.567,-8.873],[-27.018,-2.972],[-19.271,2.859],[22.807,9.154],[28.911,-9.269]]},"ix":2}},{"ty":"fl","bm":0,"hd":false,"mn":"ADBE Vector Graphic - Fill","nm":"Fill 1","c":{"a":0,"k":[1,1,1],"ix":4},"r":1,"o":{"a":0,"k":100,"ix":5}},{"ty":"tr","a":{"a":0,"k":[0,0],"ix":1},"s":{"a":0,"k":[100,100],"ix":3},"sk":{"a":0,"k":0,"ix":4},"p":{"a":0,"k":[573.494,729.052],"ix":2},"r":{"a":0,"k":0,"ix":6},"sa":{"a":0,"k":0,"ix":5},"o":{"a":0,"k":100,"ix":7}}]},{"ty":"gr","bm":0,"hd":false,"mn":"ADBE Vector Group","nm":"Group 3","ix":4,"cix":2,"np":2,"it":[{"ty":"sh","bm":0,"hd":false,"mn":"ADBE Vector Shape - Group","nm":"Path 1","ix":1,"d":1,"ks":{"a":0,"k":{"c":false,"i":[[0,0],[6.136,-0.251],[8.907,-1.377],[5.299,1.074],[0.24,-0.725],[-3.25,-2.734],[-4.645,0.165],[0,0]],"o":[[-4.13,4.545],[-8.866,0.362],[-3.715,0.574],[-4.778,-0.968],[-0.521,1.572],[3.557,2.992],[7.553,-0.269],[0,0]],"v":[[30.038,-10.567],[13.78,-2.971],[-7.918,-1.957],[-24.057,-5.056],[-29.997,-2.732],[-22.759,5.573],[3.321,10.558],[24.39,9.276]]},"ix":2}},{"ty":"fl","bm":0,"hd":false,"mn":"ADBE Vector Graphic - Fill","nm":"Fill 1","c":{"a":0,"k":[1,1,1],"ix":4},"r":1,"o":{"a":0,"k":100,"ix":5}},{"ty":"tr","a":{"a":0,"k":[0,0],"ix":1},"s":{"a":0,"k":[100,100],"ix":3},"sk":{"a":0,"k":0,"ix":4},"p":{"a":0,"k":[579.959,717.966],"ix":2},"r":{"a":0,"k":0,"ix":6},"sa":{"a":0,"k":0,"ix":5},"o":{"a":0,"k":100,"ix":7}}]},{"ty":"gr","bm":0,"hd":false,"mn":"ADBE Vector Group","nm":"Group 4","ix":5,"cix":2,"np":2,"it":[{"ty":"sh","bm":0,"hd":false,"mn":"ADBE Vector Shape - Group","nm":"Path 1","ix":1,"d":1,"ks":{"a":0,"k":{"c":false,"i":[[0,0],[-9.847,-12.469],[8.473,-8.79],[11.264,0.539],[3.442,-0.166],[2.451,6.926],[-2.126,-0.422],[-8.146,-2.162]],"o":[[0,0],[10.453,13.236],[-5.417,5.62],[-2.94,-0.141],[-8.869,0.428],[-0.723,-2.043],[2.431,0.483],[0,0]],"v":[[5.925,-16.241],[35.42,-23.608],[34.206,18.535],[8.764,27.676],[-11.696,26.832],[-41.847,14.08],[-38.564,10.418],[-23.481,16.757]]},"ix":2}},{"ty":"fl","bm":0,"hd":false,"mn":"ADBE Vector Graphic - Fill","nm":"Fill 1","c":{"a":0,"k":[1,1,1],"ix":4},"r":1,"o":{"a":0,"k":100,"ix":5}},{"ty":"tr","a":{"a":0,"k":[0,0],"ix":1},"s":{"a":0,"k":[100,100],"ix":3},"sk":{"a":0,"k":0,"ix":4},"p":{"a":0,"k":[594.747,729.853],"ix":2},"r":{"a":0,"k":0,"ix":6},"sa":{"a":0,"k":0,"ix":5},"o":{"a":0,"k":100,"ix":7}}]},{"ty":"gr","bm":0,"hd":false,"mn":"ADBE Vector Group","nm":"Group 5","ix":6,"cix":2,"np":2,"it":[{"ty":"gr","bm":0,"hd":false,"mn":"ADBE Vector Group","nm":"Group 1","ix":1,"cix":2,"np":2,"it":[{"ty":"sh","bm":0,"hd":false,"mn":"ADBE Vector Shape - Group","nm":"Path 1","ix":1,"d":1,"ks":{"a":0,"k":{"c":true,"i":[[0,-4.035],[7.329,0],[0,4.035],[-7.329,0]],"o":[[0,4.035],[-7.329,0],[0,-4.035],[7.329,0]],"v":[[13.271,0],[0,7.307],[-13.271,0],[0,-7.307]]},"ix":2}},{"ty":"fl","bm":0,"hd":false,"mn":"ADBE Vector Graphic - Fill","nm":"Fill 1","c":{"a":0,"k":[0,0,0],"ix":4},"r":1,"o":{"a":0,"k":100,"ix":5}},{"ty":"tr","a":{"a":0,"k":[0,0],"ix":1},"s":{"a":0,"k":[100,100],"ix":3},"sk":{"a":0,"k":0,"ix":4},"p":{"a":1,"k":[{"o":{"x":0.167,"y":0.167},"i":{"x":0.2,"y":1},"s":[542.128,709.217],"t":26,"ti":[0,0],"to":[0,0.817]},{"o":{"x":0.167,"y":0.167},"i":{"x":0.2,"y":1},"s":[542.128,714.117],"t":32.5,"ti":[0,0.817],"to":[0,0]},{"o":{"x":0.167,"y":0.167},"i":{"x":0.833,"y":0.833},"s":[542.128,709.217],"t":39,"ti":[0,0],"to":[0,0]},{"o":{"x":0.167,"y":0.167},"i":{"x":0.2,"y":1},"s":[542.128,709.217],"t":66,"ti":[0,0],"to":[0,0.817]},{"o":{"x":0.167,"y":0.167},"i":{"x":0.2,"y":1},"s":[542.128,714.117],"t":72.5,"ti":[0,0.817],"to":[0,0]},{"o":{"x":0.167,"y":0.167},"i":{"x":0.833,"y":0.833},"s":[542.128,709.217],"t":79,"ti":[0,0],"to":[0,0]},{"o":{"x":0.167,"y":0.167},"i":{"x":0.2,"y":1},"s":[542.128,709.217],"t":106,"ti":[0,0],"to":[0,0.817]},{"o":{"x":0.167,"y":0.167},"i":{"x":0.2,"y":1},"s":[542.128,714.117],"t":112.5,"ti":[0,0.817],"to":[0,0]},{"s":[542.128,709.217],"t":119}],"ix":2},"r":{"a":0,"k":0,"ix":6},"sa":{"a":0,"k":0,"ix":5},"o":{"a":0,"k":100,"ix":7}}]},{"ty":"gr","bm":0,"hd":false,"mn":"ADBE Vector Group","nm":"Group 2","ix":2,"cix":2,"np":2,"it":[{"ty":"gr","bm":0,"hd":false,"mn":"ADBE Vector Group","nm":"Group 1","ix":1,"cix":2,"np":2,"it":[{"ty":"sh","bm":0,"hd":false,"mn":"ADBE Vector Shape - Group","nm":"Path 1","ix":1,"d":1,"ks":{"a":1,"k":[{"o":{"x":0.167,"y":0.128},"i":{"x":0.2,"y":1},"s":[{"c":false,"i":[[0,0],[-7.38,0],[0,0],[2.296,-7.014]],"o":[[-2.296,-7.014],[0,0],[7.38,0],[0,0]],"v":[[-55.111,7.112],[-44.801,-7.112],[44.801,-7.112],[55.111,7.112]]}],"t":26},{"o":{"x":0.167,"y":0.128},"i":{"x":0.2,"y":1},"s":[{"c":false,"i":[[0,0],[-7.38,0],[0,0],[2.296,-7.014]],"o":[[-2.296,-7.014],[0,0],[7.38,0],[0,0]],"v":[[-55.111,17.112],[-44.801,2.888],[44.801,2.888],[55.111,17.112]]}],"t":32.5},{"o":{"x":0.167,"y":0},"i":{"x":0.833,"y":1},"s":[{"c":false,"i":[[0,0],[-7.38,0],[0,0],[2.296,-7.014]],"o":[[-2.296,-7.014],[0,0],[7.38,0],[0,0]],"v":[[-55.111,7.112],[-44.801,-7.112],[44.801,-7.112],[55.111,7.112]]}],"t":39},{"o":{"x":0.167,"y":0.128},"i":{"x":0.2,"y":1},"s":[{"c":false,"i":[[0,0],[-7.38,0],[0,0],[2.296,-7.014]],"o":[[-2.296,-7.014],[0,0],[7.38,0],[0,0]],"v":[[-55.111,7.112],[-44.801,-7.112],[44.801,-7.112],[55.111,7.112]]}],"t":66},{"o":{"x":0.167,"y":0.128},"i":{"x":0.2,"y":1},"s":[{"c":false,"i":[[0,0],[-7.38,0],[0,0],[2.296,-7.014]],"o":[[-2.296,-7.014],[0,0],[7.38,0],[0,0]],"v":[[-55.111,17.112],[-44.801,2.888],[44.801,2.888],[55.111,17.112]]}],"t":72.5},{"o":{"x":0.167,"y":0},"i":{"x":0.833,"y":1},"s":[{"c":false,"i":[[0,0],[-7.38,0],[0,0],[2.296,-7.014]],"o":[[-2.296,-7.014],[0,0],[7.38,0],[0,0]],"v":[[-55.111,7.112],[-44.801,-7.112],[44.801,-7.112],[55.111,7.112]]}],"t":79},{"o":{"x":0.167,"y":0.128},"i":{"x":0.2,"y":1},"s":[{"c":false,"i":[[0,0],[-7.38,0],[0,0],[2.296,-7.014]],"o":[[-2.296,-7.014],[0,0],[7.38,0],[0,0]],"v":[[-55.111,7.112],[-44.801,-7.112],[44.801,-7.112],[55.111,7.112]]}],"t":106},{"o":{"x":0.167,"y":0.128},"i":{"x":0.2,"y":1},"s":[{"c":false,"i":[[0,0],[-7.38,0],[0,0],[2.296,-7.014]],"o":[[-2.296,-7.014],[0,0],[7.38,0],[0,0]],"v":[[-55.111,17.112],[-44.801,2.888],[44.801,2.888],[55.111,17.112]]}],"t":112.5},{"s":[{"c":false,"i":[[0,0],[-7.38,0],[0,0],[2.296,-7.014]],"o":[[-2.296,-7.014],[0,0],[7.38,0],[0,0]],"v":[[-55.111,7.112],[-44.801,-7.112],[44.801,-7.112],[55.111,7.112]]}],"t":119}],"ix":2}},{"ty":"st","bm":0,"hd":false,"mn":"ADBE Vector Graphic - Stroke","nm":"Stroke 1","lc":2,"lj":1,"ml":10,"o":{"a":0,"k":100,"ix":4},"w":{"a":0,"k":4,"ix":5},"c":{"a":0,"k":[0,0,0],"ix":3}},{"ty":"tr","a":{"a":0,"k":[0,0],"ix":1},"s":{"a":0,"k":[100,100],"ix":3},"sk":{"a":0,"k":0,"ix":4},"p":{"a":0,"k":[541.889,674.213],"ix":2},"r":{"a":0,"k":0,"ix":6},"sa":{"a":0,"k":0,"ix":5},"o":{"a":0,"k":100,"ix":7}}]},{"ty":"gr","bm":0,"hd":false,"mn":"ADBE Vector Group","nm":"Group 2","ix":2,"cix":2,"np":2,"it":[{"ty":"sh","bm":0,"hd":false,"mn":"ADBE Vector Shape - Group","nm":"Path 1","ix":1,"d":1,"ks":{"a":1,"k":[{"o":{"x":0.167,"y":0.128},"i":{"x":0.2,"y":1},"s":[{"c":true,"i":[[4.923,0],[0,0],[1.44,4.708],[0,0],[-8.83,0],[0,0],[2.584,-8.444],[0,0]],"o":[[0,0],[-4.923,0],[0,0],[-2.584,-8.444],[0,0],[8.83,0],[0,0],[-1.44,4.708]],"v":[[27.972,44.844],[-27.972,44.844],[-38.682,36.921],[-58.504,-27.863],[-45.941,-44.844],[45.941,-44.844],[58.504,-27.863],[38.682,36.921]]}],"t":26},{"o":{"x":0.167,"y":0.128},"i":{"x":0.2,"y":1},"s":[{"c":true,"i":[[4.923,0],[0,0],[1.44,4.708],[0,0],[-8.83,0],[0,0],[2.584,-8.444],[0,0]],"o":[[0,0],[-4.923,0],[0,0],[-2.584,-8.444],[0,0],[8.83,0],[0,0],[-1.44,4.708]],"v":[[27.972,44.844],[-27.972,44.844],[-38.682,36.921],[-58.504,-17.863],[-45.941,-34.844],[45.941,-34.844],[58.504,-17.863],[38.682,36.921]]}],"t":32.5},{"o":{"x":0.167,"y":0},"i":{"x":0.833,"y":1},"s":[{"c":true,"i":[[4.923,0],[0,0],[1.44,4.708],[0,0],[-8.83,0],[0,0],[2.584,-8.444],[0,0]],"o":[[0,0],[-4.923,0],[0,0],[-2.584,-8.444],[0,0],[8.83,0],[0,0],[-1.44,4.708]],"v":[[27.972,44.844],[-27.972,44.844],[-38.682,36.921],[-58.504,-27.863],[-45.941,-44.844],[45.941,-44.844],[58.504,-27.863],[38.682,36.921]]}],"t":39},{"o":{"x":0.167,"y":0.128},"i":{"x":0.2,"y":1},"s":[{"c":true,"i":[[4.923,0],[0,0],[1.44,4.708],[0,0],[-8.83,0],[0,0],[2.584,-8.444],[0,0]],"o":[[0,0],[-4.923,0],[0,0],[-2.584,-8.444],[0,0],[8.83,0],[0,0],[-1.44,4.708]],"v":[[27.972,44.844],[-27.972,44.844],[-38.682,36.921],[-58.504,-27.863],[-45.941,-44.844],[45.941,-44.844],[58.504,-27.863],[38.682,36.921]]}],"t":66},{"o":{"x":0.167,"y":0.128},"i":{"x":0.2,"y":1},"s":[{"c":true,"i":[[4.923,0],[0,0],[1.44,4.708],[0,0],[-8.83,0],[0,0],[2.584,-8.444],[0,0]],"o":[[0,0],[-4.923,0],[0,0],[-2.584,-8.444],[0,0],[8.83,0],[0,0],[-1.44,4.708]],"v":[[27.972,44.844],[-27.972,44.844],[-38.682,36.921],[-58.504,-17.863],[-45.941,-34.844],[45.941,-34.844],[58.504,-17.863],[38.682,36.921]]}],"t":72.5},{"o":{"x":0.167,"y":0},"i":{"x":0.833,"y":1},"s":[{"c":true,"i":[[4.923,0],[0,0],[1.44,4.708],[0,0],[-8.83,0],[0,0],[2.584,-8.444],[0,0]],"o":[[0,0],[-4.923,0],[0,0],[-2.584,-8.444],[0,0],[8.83,0],[0,0],[-1.44,4.708]],"v":[[27.972,44.844],[-27.972,44.844],[-38.682,36.921],[-58.504,-27.863],[-45.941,-44.844],[45.941,-44.844],[58.504,-27.863],[38.682,36.921]]}],"t":79},{"o":{"x":0.167,"y":0.128},"i":{"x":0.2,"y":1},"s":[{"c":true,"i":[[4.923,0],[0,0],[1.44,4.708],[0,0],[-8.83,0],[0,0],[2.584,-8.444],[0,0]],"o":[[0,0],[-4.923,0],[0,0],[-2.584,-8.444],[0,0],[8.83,0],[0,0],[-1.44,4.708]],"v":[[27.972,44.844],[-27.972,44.844],[-38.682,36.921],[-58.504,-27.863],[-45.941,-44.844],[45.941,-44.844],[58.504,-27.863],[38.682,36.921]]}],"t":106},{"o":{"x":0.167,"y":0.128},"i":{"x":0.2,"y":1},"s":[{"c":true,"i":[[4.923,0],[0,0],[1.44,4.708],[0,0],[-8.83,0],[0,0],[2.584,-8.444],[0,0]],"o":[[0,0],[-4.923,0],[0,0],[-2.584,-8.444],[0,0],[8.83,0],[0,0],[-1.44,4.708]],"v":[[27.972,44.844],[-27.972,44.844],[-38.682,36.921],[-58.504,-17.863],[-45.941,-34.844],[45.941,-34.844],[58.504,-17.863],[38.682,36.921]]}],"t":112.5},{"s":[{"c":true,"i":[[4.923,0],[0,0],[1.44,4.708],[0,0],[-8.83,0],[0,0],[2.584,-8.444],[0,0]],"o":[[0,0],[-4.923,0],[0,0],[-2.584,-8.444],[0,0],[8.83,0],[0,0],[-1.44,4.708]],"v":[[27.972,44.844],[-27.972,44.844],[-38.682,36.921],[-58.504,-27.863],[-45.941,-44.844],[45.941,-44.844],[58.504,-27.863],[38.682,36.921]]}],"t":119}],"ix":2}},{"ty":"fl","bm":0,"hd":false,"mn":"ADBE Vector Graphic - Fill","nm":"Fill 1","c":{"a":0,"k":[1,1,1],"ix":4},"r":1,"o":{"a":0,"k":100,"ix":5}},{"ty":"tr","a":{"a":0,"k":[0,0],"ix":1},"s":{"a":0,"k":[100,100],"ix":3},"sk":{"a":0,"k":0,"ix":4},"p":{"a":0,"k":[542.139,701.911],"ix":2},"r":{"a":0,"k":0,"ix":6},"sa":{"a":0,"k":0,"ix":5},"o":{"a":0,"k":100,"ix":7}}]},{"ty":"tr","a":{"a":0,"k":[544.389,701.911],"ix":1},"s":{"a":0,"k":[100,100],"ix":3},"sk":{"a":0,"k":0,"ix":4},"p":{"a":0,"k":[544.389,701.911],"ix":2},"r":{"a":0,"k":0,"ix":6},"sa":{"a":0,"k":0,"ix":5},"o":{"a":0,"k":100,"ix":7}}]},{"ty":"tr","a":{"a":0,"k":[544.389,701.911],"ix":1},"s":{"a":0,"k":[100,100],"ix":3},"sk":{"a":0,"k":0,"ix":4},"p":{"a":0,"k":[542.139,701.911],"ix":2},"r":{"a":0,"k":0,"ix":6},"sa":{"a":0,"k":0,"ix":5},"o":{"a":0,"k":100,"ix":7}}]},{"ty":"gr","bm":0,"hd":false,"mn":"ADBE Vector Group","nm":"Group 6","ix":7,"cix":2,"np":2,"it":[{"ty":"sh","bm":0,"hd":false,"mn":"ADBE Vector Shape - Group","nm":"Path 1","ix":1,"d":1,"ks":{"a":0,"k":{"c":false,"i":[[5.019,6.355],[7.822,-0.692],[8.609,-1.028],[3.385,0.135],[1.396,-3.086],[-10.188,0.624],[0,0]],"o":[[-4.866,-6.162],[-8.637,0.765],[-3.363,0.402],[-3.385,-0.135],[-0.981,2.169],[4.324,-0.265],[0,0]],"v":[[30.368,-7.657],[11.448,-16.894],[-11.518,-8.435],[-21.63,-9.17],[-30.291,-5.109],[-12.568,6.763],[19.607,16.975]]},"ix":2}},{"ty":"fl","bm":0,"hd":false,"mn":"ADBE Vector Graphic - Fill","nm":"Fill 1","c":{"a":0,"k":[1,1,1],"ix":4},"r":1,"o":{"a":0,"k":100,"ix":5}},{"ty":"tr","a":{"a":0,"k":[0,0],"ix":1},"s":{"a":0,"k":[100,100],"ix":3},"sk":{"a":0,"k":0,"ix":4},"p":{"a":0,"k":[600.647,715.583],"ix":2},"r":{"a":0,"k":0,"ix":6},"sa":{"a":0,"k":0,"ix":5},"o":{"a":0,"k":100,"ix":7}}]}],"ind":2,"parent":6},{"ty":4,"nm":"Finger","sr":1,"st":0,"op":120,"ip":0,"hd":false,"ddd":0,"bm":0,"hasMask":false,"ao":0,"ks":{"a":{"a":0,"k":[-26.375,-12.5,0],"ix":1},"s":{"a":0,"k":[100,100,100],"ix":6},"sk":{"a":0,"k":0},"p":{"a":0,"k":[480.424,679.503,0],"ix":2},"r":{"a":1,"k":[{"o":{"x":0.333,"y":0},"i":{"x":0.667,"y":1},"s":[-16],"t":19},{"o":{"x":0.333,"y":0},"i":{"x":0.667,"y":1},"s":[-41],"t":24.588},{"o":{"x":0.333,"y":0},"i":{"x":0.667,"y":1},"s":[-7.5],"t":31.294},{"o":{"x":0.333,"y":0},"i":{"x":0.667,"y":1},"s":[-16],"t":38},{"o":{"x":0.333,"y":0},"i":{"x":0.667,"y":1},"s":[-16],"t":59},{"o":{"x":0.333,"y":0},"i":{"x":0.667,"y":1},"s":[-41],"t":64.588},{"o":{"x":0.333,"y":0},"i":{"x":0.667,"y":1},"s":[-7.5],"t":71.294},{"o":{"x":0.333,"y":0},"i":{"x":0.667,"y":1},"s":[-16],"t":78},{"o":{"x":0.333,"y":0},"i":{"x":0.667,"y":1},"s":[-16],"t":99},{"o":{"x":0.333,"y":0},"i":{"x":0.667,"y":1},"s":[-41],"t":104.588},{"o":{"x":0.333,"y":0},"i":{"x":0.667,"y":1},"s":[-7.5],"t":111.294},{"s":[-16],"t":118}],"ix":10},"sa":{"a":0,"k":0},"o":{"a":0,"k":100,"ix":11}},"ef":[],"shapes":[{"ty":"gr","bm":0,"hd":false,"mn":"ADBE Vector Group","nm":"Group 1","ix":1,"cix":2,"np":2,"it":[{"ty":"sh","bm":0,"hd":false,"mn":"ADBE Vector Shape - Group","nm":"Path 1","ix":1,"d":1,"ks":{"a":0,"k":{"c":true,"i":[[0,0],[-7.711,-6.047],[-3.474,-0.463],[4.063,5.97],[5.402,4.475],[12.772,5.936],[5.189,-1.72],[0.843,-0.778],[-5.406,-7.042]],"o":[[9.422,2.692],[2.758,2.163],[3.474,0.463],[-0.947,-1.391],[-10.845,-8.986],[-4.958,-2.304],[0,0],[-0.755,0.697],[5.406,7.042]],"v":[[-19.22,-3.155],[6.805,10.12],[26.946,21.567],[35.028,15.645],[13.632,0.049],[-14.567,-18.465],[-30.352,-21.058],[-33.109,-19.556],[-33.662,-6.606]]},"ix":2}},{"ty":"fl","bm":0,"hd":false,"mn":"ADBE Vector Graphic - Fill","nm":"Fill 1","c":{"a":0,"k":[1,1,1],"ix":4},"r":1,"o":{"a":0,"k":100,"ix":5}},{"ty":"tr","a":{"a":0,"k":[0,0],"ix":1},"s":{"a":0,"k":[100,100],"ix":3},"sk":{"a":0,"k":0,"ix":4},"p":{"a":0,"k":[0,0],"ix":2},"r":{"a":0,"k":0,"ix":6},"sa":{"a":0,"k":0,"ix":5},"o":{"a":0,"k":100,"ix":7}}]}],"ind":3,"parent":4},{"ty":4,"nm":"Right hand","sr":1,"st":0,"op":120,"ip":0,"hd":false,"ddd":0,"bm":0,"hasMask":false,"ao":0,"ks":{"a":{"a":0,"k":[450.254,726.222,0],"ix":1},"s":{"a":0,"k":[100,100,100],"ix":6},"sk":{"a":0,"k":0},"p":{"a":0,"k":[450.254,726.222,0],"ix":2},"r":{"a":1,"k":[{"o":{"x":0.167,"y":0},"i":{"x":0.833,"y":1},"s":[-3.3],"t":19},{"o":{"x":0.333,"y":0},"i":{"x":0.667,"y":1},"s":[-22.3],"t":23.317},{"o":{"x":0.333,"y":0},"i":{"x":0.667,"y":1},"s":[2.7],"t":28.5},{"o":{"x":0.333,"y":0},"i":{"x":0.833,"y":1},"s":[-22.3],"t":33},{"o":{"x":0.167,"y":0},"i":{"x":0.833,"y":1},"s":[-3.3],"t":38},{"o":{"x":0.167,"y":0},"i":{"x":0.833,"y":1},"s":[-3.3],"t":59},{"o":{"x":0.333,"y":0},"i":{"x":0.667,"y":1},"s":[-22.3],"t":63.317},{"o":{"x":0.333,"y":0},"i":{"x":0.667,"y":1},"s":[2.7],"t":68.5},{"o":{"x":0.333,"y":0},"i":{"x":0.833,"y":1},"s":[-22.3],"t":73},{"o":{"x":0.167,"y":0},"i":{"x":0.833,"y":1},"s":[-3.3],"t":78},{"o":{"x":0.167,"y":0},"i":{"x":0.833,"y":1},"s":[-3.3],"t":99},{"o":{"x":0.333,"y":0},"i":{"x":0.667,"y":1},"s":[-22.3],"t":103.317},{"o":{"x":0.333,"y":0},"i":{"x":0.667,"y":1},"s":[2.7],"t":108.5},{"o":{"x":0.167,"y":0},"i":{"x":0.833,"y":1},"s":[-22.3],"t":113},{"s":[-3.3],"t":118}],"ix":10},"sa":{"a":0,"k":0},"o":{"a":0,"k":100,"ix":11}},"ef":[],"shapes":[{"ty":"gr","bm":0,"hd":false,"mn":"ADBE Vector Group","nm":"Group 1","ix":1,"cix":2,"np":6,"it":[{"ty":"gr","bm":0,"hd":false,"mn":"ADBE Vector Group","nm":"Group 1","ix":1,"cix":2,"np":2,"it":[{"ty":"sh","bm":0,"hd":false,"mn":"ADBE Vector Shape - Group","nm":"Path 1","ix":1,"d":1,"ks":{"a":0,"k":{"c":false,"i":[[0,0],[0.266,0.888],[1.478,2.026],[3.873,5.309]],"o":[[0.012,-0.935],[-0.721,-2.402],[-3.873,-5.309],[0,0]],"v":[[7.857,12.601],[7.463,9.832],[3.76,3.326],[-7.858,-12.601]]},"ix":2}},{"ty":"st","bm":0,"hd":false,"mn":"ADBE Vector Graphic - Stroke","nm":"Stroke 1","lc":2,"lj":2,"ml":1,"o":{"a":0,"k":100,"ix":4},"w":{"a":0,"k":4,"ix":5},"c":{"a":0,"k":[0,0,0],"ix":3}},{"ty":"tr","a":{"a":0,"k":[0,0],"ix":1},"s":{"a":0,"k":[100,100],"ix":3},"sk":{"a":0,"k":0,"ix":4},"p":{"a":0,"k":[480.69,724.411],"ix":2},"r":{"a":0,"k":0,"ix":6},"sa":{"a":0,"k":0,"ix":5},"o":{"a":0,"k":100,"ix":7}}]},{"ty":"gr","bm":0,"hd":false,"mn":"ADBE Vector Group","nm":"Group 2","ix":2,"cix":2,"np":2,"it":[{"ty":"sh","bm":0,"hd":false,"mn":"ADBE Vector Shape - Group","nm":"Path 1","ix":1,"d":1,"ks":{"a":0,"k":{"c":false,"i":[[0,0],[2.884,3.781],[2.857,3.801]],"o":[[0.109,-4.754],[-2.884,-3.781],[0,0]],"v":[[8.344,12.68],[3.263,-0.356],[-8.348,-12.68]]},"ix":2}},{"ty":"st","bm":0,"hd":false,"mn":"ADBE Vector Graphic - Stroke","nm":"Stroke 1","lc":2,"lj":2,"ml":1,"o":{"a":0,"k":100,"ix":4},"w":{"a":0,"k":4,"ix":5},"c":{"a":0,"k":[0,0,0],"ix":3}},{"ty":"tr","a":{"a":0,"k":[0,0],"ix":1},"s":{"a":0,"k":[100,100],"ix":3},"sk":{"a":0,"k":0,"ix":4},"p":{"a":0,"k":[490.784,714.504],"ix":2},"r":{"a":0,"k":0,"ix":6},"sa":{"a":0,"k":0,"ix":5},"o":{"a":0,"k":100,"ix":7}}]},{"ty":"gr","bm":0,"hd":false,"mn":"ADBE Vector Group","nm":"Group 3","ix":3,"cix":2,"np":2,"it":[{"ty":"sh","bm":0,"hd":false,"mn":"ADBE Vector Shape - Group","nm":"Path 1","ix":1,"d":1,"ks":{"a":0,"k":{"c":false,"i":[[0,0],[-0.592,4.254],[2.16,3.116],[4.233,4.214],[0,0]],"o":[[6.178,-0.519],[0.522,-3.755],[-3.402,-4.909],[0,0],[0,0]],"v":[[7.145,20.102],[18.156,8.612],[14.456,-1.856],[-4.408,-20.102],[-18.238,-9.863]]},"ix":2}},{"ty":"fl","bm":0,"hd":false,"mn":"ADBE Vector Graphic - Fill","nm":"Fill 1","c":{"a":0,"k":[1,1,1],"ix":4},"r":1,"o":{"a":0,"k":100,"ix":5}},{"ty":"tr","a":{"a":0,"k":[0,0],"ix":1},"s":{"a":0,"k":[100,100],"ix":3},"sk":{"a":0,"k":0,"ix":4},"p":{"a":0,"k":[491.987,708.95],"ix":2},"r":{"a":0,"k":0,"ix":6},"sa":{"a":0,"k":0,"ix":5},"o":{"a":0,"k":100,"ix":7}}]},{"ty":"gr","bm":0,"hd":false,"mn":"ADBE Vector Group","nm":"Group 4","ix":4,"cix":2,"np":2,"it":[{"ty":"sh","bm":0,"hd":false,"mn":"ADBE Vector Shape - Group","nm":"Path 1","ix":1,"d":1,"ks":{"a":0,"k":{"c":false,"i":[[0,0],[-3.113,-1.659],[-2.339,2.64],[0.721,2.402],[1.478,2.026],[3.873,5.309]],"o":[[2.734,2.228],[3.113,1.659],[1.663,-1.877],[-0.721,-2.402],[-3.873,-5.309],[0,0]],"v":[[-9.754,7.897],[-1.558,14.55],[8.216,13.767],[9.359,6.655],[5.656,0.149],[-5.962,-15.778]]},"ix":2}},{"ty":"fl","bm":0,"hd":false,"mn":"ADBE Vector Graphic - Fill","nm":"Fill 1","c":{"a":0,"k":[1,1,1],"ix":4},"r":1,"o":{"a":0,"k":100,"ix":5}},{"ty":"tr","a":{"a":0,"k":[0,0],"ix":1},"s":{"a":0,"k":[100,100],"ix":3},"sk":{"a":0,"k":0,"ix":4},"p":{"a":0,"k":[478.794,727.589],"ix":2},"r":{"a":0,"k":0,"ix":6},"sa":{"a":0,"k":0,"ix":5},"o":{"a":0,"k":100,"ix":7}}]},{"ty":"gr","bm":0,"hd":false,"mn":"ADBE Vector Group","nm":"Group 5","ix":5,"cix":2,"np":2,"it":[{"ty":"sh","bm":0,"hd":false,"mn":"ADBE Vector Shape - Group","nm":"Path 1","ix":1,"d":1,"ks":{"a":0,"k":{"c":false,"i":[[0,0],[-0.109,4.754],[2.884,3.781],[2.857,3.801],[0,0]],"o":[[4.668,-0.905],[0.109,-4.754],[-2.884,-3.781],[0,0],[0,0]],"v":[[4.416,17.959],[15.042,7.401],[9.961,-5.636],[-1.65,-17.959],[-15.046,-10.833]]},"ix":2}},{"ty":"fl","bm":0,"hd":false,"mn":"ADBE Vector Graphic - Fill","nm":"Fill 1","c":{"a":0,"k":[1,1,1],"ix":4},"r":1,"o":{"a":0,"k":100,"ix":5}},{"ty":"tr","a":{"a":0,"k":[0,0],"ix":1},"s":{"a":0,"k":[100,100],"ix":3},"sk":{"a":0,"k":0,"ix":4},"p":{"a":0,"k":[484.086,719.783],"ix":2},"r":{"a":0,"k":0,"ix":6},"sa":{"a":0,"k":0,"ix":5},"o":{"a":0,"k":100,"ix":7}}]},{"ty":"gr","bm":0,"hd":false,"mn":"ADBE Vector Group","nm":"Group 6","ix":6,"cix":2,"np":2,"it":[{"ty":"sh","bm":0,"hd":false,"mn":"ADBE Vector Shape - Group","nm":"Path 1","ix":1,"d":1,"ks":{"a":0,"k":{"c":false,"i":[[0,0],[3.422,-0.945],[3.418,1.699],[-6.371,18.883],[-12.045,11.63],[-3.153,1.186],[-1.21,0.159],[0,0]],"o":[[-2.134,2.837],[-3.679,1.016],[0,0],[1.06,-3.142],[2.434,-2.351],[0,0],[1.21,-0.159],[0,0]],"v":[[11.531,30.597],[2.299,35.491],[-8.878,35.793],[-26.542,6.348],[7.895,-30.161],[16.026,-36.116],[18.206,-36.713],[27.616,-18.374]]},"ix":2}},{"ty":"fl","bm":0,"hd":false,"mn":"ADBE Vector Graphic - Fill","nm":"Fill 1","c":{"a":0,"k":[1,1,1],"ix":4},"r":1,"o":{"a":0,"k":100,"ix":5}},{"ty":"tr","a":{"a":0,"k":[0,0],"ix":1},"s":{"a":0,"k":[100,100],"ix":3},"sk":{"a":0,"k":0,"ix":4},"p":{"a":0,"k":[459.963,707.222],"ix":2},"r":{"a":0,"k":0,"ix":6},"sa":{"a":0,"k":0,"ix":5},"o":{"a":0,"k":100,"ix":7}}]},{"ty":"tr","a":{"a":0,"k":[459.963,707.222],"ix":1},"s":{"a":0,"k":[100,100],"ix":3},"sk":{"a":0,"k":0,"ix":4},"p":{"a":0,"k":[459.963,707.222],"ix":2},"r":{"a":0,"k":0,"ix":6},"sa":{"a":0,"k":0,"ix":5},"o":{"a":0,"k":100,"ix":7}}]},{"ty":"gr","bm":0,"hd":false,"mn":"ADBE Vector Group","nm":"Group 2","ix":2,"cix":2,"np":2,"it":[{"ty":"sh","bm":0,"hd":false,"mn":"ADBE Vector Shape - Group","nm":"Path 1","ix":1,"d":1,"ks":{"a":0,"k":{"c":true,"i":[[0,0],[-6.617,2.117],[0,0],[-1.153,1.561],[1.174,1.546],[3.036,0.108],[4.479,2.028],[10.438,1.866]],"o":[[0,0],[5.558,1.853],[2.18,-0.529],[1.153,-1.561],[-1.837,-2.42],[-4.914,-0.175],[0,0],[-14.86,9.189]],"v":[[-18.28,15.81],[3.619,4.141],[20.064,4.916],[25.248,1.427],[25.211,-4.003],[16.784,-6.501],[-1.616,-10.761],[-19.891,-15.81]]},"ix":2}},{"ty":"fl","bm":0,"hd":false,"mn":"ADBE Vector Graphic - Fill","nm":"Fill 1","c":{"a":0,"k":[1,1,1],"ix":4},"r":1,"o":{"a":0,"k":100,"ix":5}},{"ty":"tr","a":{"a":0,"k":[0,0],"ix":1},"s":{"a":0,"k":[100,100],"ix":3},"sk":{"a":0,"k":0,"ix":4},"p":{"a":0,"k":[499.49,702.467],"ix":2},"r":{"a":0,"k":0,"ix":6},"sa":{"a":0,"k":0,"ix":5},"o":{"a":0,"k":100,"ix":7}}]}],"ind":4,"parent":5},{"ty":4,"nm":"Right arm","sr":1,"st":0,"op":120,"ip":0,"hd":false,"ddd":0,"bm":0,"hasMask":false,"ao":0,"ks":{"a":{"a":0,"k":[356.259,753.438,0],"ix":1},"s":{"a":0,"k":[100,100,100],"ix":6},"sk":{"a":0,"k":0},"p":{"a":0,"k":[-31.018,111.085,0],"ix":2},"r":{"a":1,"k":[{"o":{"x":0.333,"y":0},"i":{"x":0.667,"y":1},"s":[-13],"t":19},{"o":{"x":0.333,"y":0},"i":{"x":0.667,"y":1},"s":[5],"t":26.341},{"o":{"x":0.333,"y":0},"i":{"x":0.833,"y":1},"s":[-13],"t":33},{"o":{"x":0.333,"y":0},"i":{"x":0.833,"y":1},"s":[-13],"t":38},{"o":{"x":0.333,"y":0},"i":{"x":0.667,"y":1},"s":[-13],"t":59},{"o":{"x":0.333,"y":0},"i":{"x":0.667,"y":1},"s":[5],"t":66.341},{"o":{"x":0.333,"y":0},"i":{"x":0.833,"y":1},"s":[-13],"t":73},{"o":{"x":0.333,"y":0},"i":{"x":0.833,"y":1},"s":[-13],"t":78},{"o":{"x":0.333,"y":0},"i":{"x":0.667,"y":1},"s":[-13],"t":99},{"o":{"x":0.333,"y":0},"i":{"x":0.667,"y":1},"s":[5],"t":106.341},{"o":{"x":0.167,"y":0},"i":{"x":0.833,"y":1},"s":[-13],"t":113},{"s":[-13],"t":118}],"ix":10},"sa":{"a":0,"k":0},"o":{"a":0,"k":100,"ix":11}},"ef":[],"shapes":[{"ty":"gr","bm":0,"hd":false,"mn":"ADBE Vector Group","nm":"Right wrist","ix":1,"cix":2,"np":1,"it":[{"ty":"gr","bm":0,"hd":false,"mn":"ADBE Vector Group","nm":"Group 1","ix":1,"cix":2,"np":2,"it":[{"ty":"sh","bm":0,"hd":false,"mn":"ADBE Vector Shape - Group","nm":"Path 1","ix":1,"d":1,"ks":{"a":0,"k":{"c":true,"i":[[0,19.669],[-19.669,0],[0,-19.669],[19.669,0]],"o":[[0,-19.669],[19.669,0],[0,19.669],[-19.669,0]],"v":[[-35.614,0],[0,-35.614],[35.614,0],[0,35.614]]},"ix":2}},{"ty":"fl","bm":0,"hd":false,"mn":"ADBE Vector Graphic - Fill","nm":"Fill 1","c":{"a":0,"k":[0,0,0],"ix":4},"r":1,"o":{"a":0,"k":100,"ix":5}},{"ty":"tr","a":{"a":0,"k":[0,0],"ix":1},"s":{"a":0,"k":[100,100],"ix":3},"sk":{"a":0,"k":0,"ix":4},"p":{"a":0,"k":[0,0],"ix":2},"r":{"a":0,"k":0,"ix":6},"sa":{"a":0,"k":0,"ix":5},"o":{"a":0,"k":100,"ix":7}}]},{"ty":"tr","a":{"a":0,"k":[0,0],"ix":1},"s":{"a":0,"k":[100,100],"ix":3},"sk":{"a":0,"k":0,"ix":4},"p":{"a":0,"k":[439.179,731.911],"ix":2},"r":{"a":0,"k":0,"ix":6},"sa":{"a":0,"k":0,"ix":5},"o":{"a":0,"k":100,"ix":7}}]},{"ty":"gr","bm":0,"hd":false,"mn":"ADBE Vector Group","nm":"Right arm","ix":2,"cix":2,"np":1,"it":[{"ty":"gr","bm":0,"hd":false,"mn":"ADBE Vector Group","nm":"Group 1","ix":1,"cix":2,"np":2,"it":[{"ty":"sh","bm":0,"hd":false,"mn":"ADBE Vector Shape - Group","nm":"Path 1","ix":1,"d":1,"ks":{"a":0,"k":{"c":true,"i":[[4.847,0],[7.013,32.311],[-37.241,8.082],[0,0],[-8.082,-37.24],[37.241,-8.082],[0,0]],"o":[[-31.769,0],[-8.083,-37.24],[0,0],[37.245,-8.085],[8.083,37.24],[0,0],[-4.93,1.07]],"v":[[-24.008,74.211],[-91.371,19.831],[-38.576,-62.233],[9.307,-72.626],[91.371,-19.831],[38.576,62.233],[-9.307,72.626]]},"ix":2}},{"ty":"fl","bm":0,"hd":false,"mn":"ADBE Vector Graphic - Fill","nm":"Fill 2","c":{"a":0,"k":[0.749,0.749,0.749],"ix":4},"r":1,"o":{"a":0,"k":100,"ix":5}},{"ty":"tr","a":{"a":0,"k":[0,0],"ix":1},"s":{"a":0,"k":[100,100],"ix":3},"sk":{"a":0,"k":0,"ix":4},"p":{"a":0,"k":[0,0],"ix":2},"r":{"a":0,"k":0,"ix":6},"sa":{"a":0,"k":0,"ix":5},"o":{"a":0,"k":100,"ix":7}}]},{"ty":"tr","a":{"a":0,"k":[0,0],"ix":1},"s":{"a":0,"k":[100,100],"ix":3},"sk":{"a":0,"k":0,"ix":4},"p":{"a":0,"k":[380.181,748.563],"ix":2},"r":{"a":0,"k":0,"ix":6},"sa":{"a":0,"k":0,"ix":5},"o":{"a":0,"k":100,"ix":7}}]}],"ind":5,"parent":8},{"ty":4,"nm":"Left Arm","sr":1,"st":0,"op":120,"ip":0,"hd":false,"ddd":0,"bm":0,"hasMask":false,"ao":0,"ks":{"a":{"a":0,"k":[710.371,754.507,0],"ix":1},"s":{"a":0,"k":[100,100,100],"ix":6},"sk":{"a":0,"k":0},"p":{"a":0,"k":[30.041,112.654,0],"ix":2},"r":{"a":1,"k":[{"o":{"x":0.333,"y":0},"i":{"x":0.667,"y":1},"s":[0],"t":26},{"o":{"x":0.333,"y":0},"i":{"x":0.667,"y":1},"s":[-5],"t":33},{"o":{"x":0.333,"y":0},"i":{"x":0.667,"y":1},"s":[0],"t":40},{"o":{"x":0.333,"y":0},"i":{"x":0.667,"y":1},"s":[0],"t":66},{"o":{"x":0.333,"y":0},"i":{"x":0.667,"y":1},"s":[-5],"t":73},{"o":{"x":0.167,"y":0},"i":{"x":0.667,"y":1},"s":[0],"t":80},{"o":{"x":0.333,"y":0},"i":{"x":0.667,"y":1},"s":[0],"t":106},{"o":{"x":0.333,"y":0},"i":{"x":0.667,"y":1},"s":[-5],"t":113},{"s":[0],"t":120}],"ix":10},"sa":{"a":0,"k":0},"o":{"a":0,"k":100,"ix":11}},"ef":[],"shapes":[{"ty":"gr","bm":0,"hd":false,"mn":"ADBE Vector Group","nm":"Group 1","ix":1,"cix":2,"np":2,"it":[{"ty":"sh","bm":0,"hd":false,"mn":"ADBE Vector Shape - Group","nm":"Path 1","ix":1,"d":1,"ks":{"a":0,"k":{"c":true,"i":[[0,19.669],[19.669,0],[0,-19.669],[-19.669,0]],"o":[[0,-19.669],[-19.669,0],[0,19.669],[19.669,0]],"v":[[35.614,0],[0,-35.614],[-35.614,0],[0,35.614]]},"ix":2}},{"ty":"fl","bm":0,"hd":false,"mn":"ADBE Vector Graphic - Fill","nm":"Fill 1","c":{"a":0,"k":[0,0,0],"ix":4},"r":1,"o":{"a":0,"k":100,"ix":5}},{"ty":"tr","a":{"a":0,"k":[0,0],"ix":1},"s":{"a":0,"k":[100,100],"ix":3},"sk":{"a":0,"k":0,"ix":4},"p":{"a":0,"k":[636.7,737.795],"ix":2},"r":{"a":0,"k":0,"ix":6},"sa":{"a":0,"k":0,"ix":5},"o":{"a":0,"k":100,"ix":7}}]},{"ty":"gr","bm":0,"hd":false,"mn":"ADBE Vector Group","nm":"Group 2","ix":2,"cix":2,"np":1,"it":[{"ty":"gr","bm":0,"hd":false,"mn":"ADBE Vector Group","nm":"Group 1","ix":1,"cix":2,"np":2,"it":[{"ty":"sh","bm":0,"hd":false,"mn":"ADBE Vector Shape - Group","nm":"Path 1","ix":1,"d":1,"ks":{"a":0,"k":{"c":true,"i":[[31.958,0],[4.775,1.001],[0,0],[-7.821,37.296],[-37.29,-7.819],[0,0],[7.821,-37.296]],"o":[[-4.693,0],[0,0],[-37.297,-7.821],[7.82,-37.297],[0,0],[37.297,7.821],[-6.819,32.521]],"v":[[19.178,73.02],[4.946,71.538],[-33.269,63.524],[-86.639,-18.168],[-4.946,-71.538],[33.269,-63.524],[86.639,18.168]]},"ix":2}},{"ty":"fl","bm":0,"hd":false,"mn":"ADBE Vector Graphic - Fill","nm":"Fill 1","c":{"a":0,"k":[0.749,0.749,0.749],"ix":4},"r":1,"o":{"a":0,"k":100,"ix":5}},{"ty":"tr","a":{"a":0,"k":[0,0],"ix":1},"s":{"a":0,"k":[100,100],"ix":3},"sk":{"a":0,"k":0,"ix":4},"p":{"a":0,"k":[0,0],"ix":2},"r":{"a":0,"k":0,"ix":6},"sa":{"a":0,"k":0,"ix":5},"o":{"a":0,"k":100,"ix":7}}]},{"ty":"tr","a":{"a":0,"k":[0,0],"ix":1},"s":{"a":0,"k":[100,100],"ix":3},"sk":{"a":0,"k":0,"ix":4},"p":{"a":0,"k":[691.66,751.57],"ix":2},"r":{"a":0,"k":0,"ix":6},"sa":{"a":0,"k":0,"ix":5},"o":{"a":0,"k":100,"ix":7}}]}],"ind":6,"parent":7},{"ty":4,"nm":"Left Shoulder","sr":1,"st":0,"op":120,"ip":0,"hd":false,"ddd":0,"bm":0,"hasMask":false,"ao":0,"ks":{"a":{"a":0,"k":[-46.5,-112.563,0],"ix":1},"s":{"a":0,"k":[100,100,100],"ix":6},"sk":{"a":0,"k":0},"p":{"a":0,"k":[583.831,315.291,0],"ix":2},"r":{"a":0,"k":0,"ix":10},"sa":{"a":0,"k":0},"o":{"a":0,"k":100,"ix":11}},"ef":[],"shapes":[{"ty":"gr","bm":0,"hd":false,"mn":"ADBE Vector Group","nm":"Group 1","ix":1,"cix":2,"np":2,"it":[{"ty":"sh","bm":0,"hd":false,"mn":"ADBE Vector Shape - Group","nm":"Path 1","ix":1,"d":1,"ks":{"a":0,"k":{"c":true,"i":[[6.782,0],[8.505,20.663],[0,0],[-27.323,11.246],[-11.246,-27.323],[0,0],[27.323,-11.246]],"o":[[-21.04,0],[0,0],[-11.245,-27.323],[27.327,-11.245],[0,0],[11.245,27.323],[-6.661,2.741]],"v":[[46.6,166.685],[-2.895,133.534],[-96.053,-92.81],[-66.941,-162.645],[2.895,-133.534],[96.053,92.809],[66.941,162.645]]},"ix":2}},{"ty":"fl","bm":0,"hd":false,"mn":"ADBE Vector Graphic - Fill","nm":"Fill 1","c":{"a":0,"k":[0.6392,0.6392,0.6392],"ix":4},"r":1,"o":{"a":0,"k":100,"ix":5}},{"ty":"tr","a":{"a":0,"k":[0,0],"ix":1},"s":{"a":0,"k":[100,100],"ix":3},"sk":{"a":0,"k":0,"ix":4},"p":{"a":0,"k":[0,0],"ix":2},"r":{"a":0,"k":0,"ix":6},"sa":{"a":0,"k":0,"ix":5},"o":{"a":0,"k":100,"ix":7}}]}],"ind":7},{"ty":4,"nm":"Right shoulder","sr":1,"st":0,"op":120,"ip":0,"hd":false,"ddd":0,"bm":0,"hasMask":false,"ao":0,"ks":{"a":{"a":0,"k":[47.5,-114.125,0],"ix":1},"s":{"a":0,"k":[100,100,100],"ix":6},"sk":{"a":0,"k":0},"p":{"a":0,"k":[384.777,314.228,0],"ix":2},"r":{"a":1,"k":[{"o":{"x":0.333,"y":0},"i":{"x":0.667,"y":1},"s":[0],"t":0},{"o":{"x":0.333,"y":0},"i":{"x":0.667,"y":1},"s":[0],"t":22},{"o":{"x":0.333,"y":0},"i":{"x":0.667,"y":1},"s":[6],"t":30},{"o":{"x":0.333,"y":0},"i":{"x":0.667,"y":1},"s":[0],"t":38},{"o":{"x":0.333,"y":0},"i":{"x":0.667,"y":1},"s":[0],"t":62},{"o":{"x":0.333,"y":0},"i":{"x":0.667,"y":1},"s":[6],"t":70},{"o":{"x":0.333,"y":0},"i":{"x":0.667,"y":1},"s":[0],"t":78},{"o":{"x":0.333,"y":0},"i":{"x":0.667,"y":1},"s":[0],"t":102},{"o":{"x":0.333,"y":0},"i":{"x":0.667,"y":1},"s":[6],"t":110},{"s":[0],"t":118}],"ix":10},"sa":{"a":0,"k":0},"o":{"a":0,"k":100,"ix":11}},"ef":[],"shapes":[{"ty":"gr","bm":0,"hd":false,"mn":"ADBE Vector Group","nm":"Group 1","ix":1,"cix":2,"np":2,"it":[{"ty":"sh","bm":0,"hd":false,"mn":"ADBE Vector Shape - Group","nm":"Path 1","ix":1,"d":1,"ks":{"a":0,"k":{"c":true,"i":[[20.995,0],[6.695,2.772],[-11.306,27.299],[0,0],[-27.302,-11.308],[11.306,-27.298],[0,0]],"o":[[-6.821,0],[-27.299,-11.307],[0,0],[11.307,-27.297],[27.299,11.306],[0,0],[-8.533,20.604]],"v":[[-47.1,167.186],[-67.55,163.101],[-96.507,93.2],[-2.35,-134.143],[67.55,-163.1],[96.507,-93.2],[2.35,134.144]]},"ix":2}},{"ty":"fl","bm":0,"hd":false,"mn":"ADBE Vector Graphic - Fill","nm":"Fill 1","c":{"a":0,"k":[0.6392,0.6392,0.6392],"ix":4},"r":1,"o":{"a":0,"k":100,"ix":5}},{"ty":"tr","a":{"a":0,"k":[0,0],"ix":1},"s":{"a":0,"k":[100,100],"ix":3},"sk":{"a":0,"k":0,"ix":4},"p":{"a":0,"k":[0,0],"ix":2},"r":{"a":0,"k":0,"ix":6},"sa":{"a":0,"k":0,"ix":5},"o":{"a":0,"k":100,"ix":7}}]}],"ind":8},{"ty":4,"nm":"pen","sr":1,"st":0,"op":120,"ip":0,"hd":false,"ddd":0,"bm":0,"hasMask":false,"ao":0,"ks":{"a":{"a":0,"k":[528.504,878.652,0],"ix":1},"s":{"a":0,"k":[100,100,100],"ix":6},"sk":{"a":0,"k":0},"p":{"a":0,"k":[478.504,658.652,0],"ix":2},"r":{"a":0,"k":0,"ix":10},"sa":{"a":0,"k":0},"o":{"a":0,"k":100,"ix":11}},"ef":[],"shapes":[{"ty":"gr","bm":0,"hd":false,"mn":"ADBE Vector Group","nm":"Group 1","ix":1,"cix":2,"np":2,"it":[{"ty":"sh","bm":0,"hd":false,"mn":"ADBE Vector Shape - Group","nm":"Path 1","ix":1,"d":1,"ks":{"a":0,"k":{"c":true,"i":[[-0.262,1.222],[0,0],[-0.529,-0.608],[0,0],[-0.309,-1.124],[0,0],[2.014,-0.555],[0,0],[0.555,2.014],[0,0]],"o":[[0,0],[0.169,-0.788],[0,0],[0.766,0.879],[0,0],[0.555,2.014],[0,0],[-2.014,0.555],[0,0],[-0.332,-1.205]],"v":[[-15.6,-43.843],[-14.622,-48.401],[-12.928,-48.838],[-9.868,-45.327],[-8.234,-42.286],[15.636,44.386],[12.993,49.038],[12.993,49.038],[8.342,46.395],[-15.494,-40.15]]},"ix":2}},{"ty":"fl","bm":0,"hd":false,"mn":"ADBE Vector Graphic - Fill","nm":"Fill 1","c":{"a":0,"k":[1,1,1],"ix":4},"r":1,"o":{"a":0,"k":100,"ix":5}},{"ty":"tr","a":{"a":0,"k":[0,0],"ix":1},"s":{"a":0,"k":[100,100],"ix":3},"sk":{"a":0,"k":0,"ix":4},"p":{"a":0,"k":[570.279,867.202],"ix":2},"r":{"a":0,"k":0,"ix":6},"sa":{"a":0,"k":0,"ix":5},"o":{"a":0,"k":100,"ix":7}}]},{"ty":"gr","bm":0,"hd":false,"mn":"ADBE Vector Group","nm":"Group 2","ix":2,"cix":2,"np":2,"it":[{"ty":"sh","bm":0,"hd":false,"mn":"ADBE Vector Shape - Group","nm":"Path 1","ix":1,"d":1,"ks":{"a":0,"k":{"c":true,"i":[[0,0],[0,0],[0,0],[0,0]],"o":[[0,0],[0,0],[0,0],[0,0]],"v":[[-55.064,41.291],[41.419,41.291],[55.064,-41.291],[-3.234,-41.291]]},"ix":2}},{"ty":"fl","bm":0,"hd":false,"mn":"ADBE Vector Graphic - Fill","nm":"Fill 1","c":{"a":0,"k":[1,1,1],"ix":4},"r":1,"o":{"a":0,"k":100,"ix":5}},{"ty":"tr","a":{"a":0,"k":[0,0],"ix":1},"s":{"a":0,"k":[100,100],"ix":3},"sk":{"a":0,"k":0,"ix":4},"p":{"a":0,"k":[433.385,897.986],"ix":2},"r":{"a":0,"k":0,"ix":6},"sa":{"a":0,"k":0,"ix":5},"o":{"a":0,"k":100,"ix":7}}]},{"ty":"gr","bm":0,"hd":false,"mn":"ADBE Vector Group","nm":"Group 3","ix":3,"cix":2,"np":2,"it":[{"ty":"sh","bm":0,"hd":false,"mn":"ADBE Vector Shape - Group","nm":"Path 1","ix":1,"d":1,"ks":{"a":0,"k":{"c":true,"i":[[0,0],[0,0],[0,0],[0,0]],"o":[[0,0],[0,0],[0,0],[0,0]],"v":[[-66.27,41.291],[40.214,41.291],[66.27,-41.291],[-4.683,-41.291]]},"ix":2}},{"ty":"fl","bm":0,"hd":false,"mn":"ADBE Vector Graphic - Fill","nm":"Fill 1","c":{"a":0,"k":[1,1,1],"ix":4},"r":1,"o":{"a":0,"k":100,"ix":5}},{"ty":"tr","a":{"a":0,"k":[0,0],"ix":1},"s":{"a":0,"k":[100,100],"ix":3},"sk":{"a":0,"k":0,"ix":4},"p":{"a":0,"k":[413.51,880.28],"ix":2},"r":{"a":0,"k":0,"ix":6},"sa":{"a":0,"k":0,"ix":5},"o":{"a":0,"k":100,"ix":7}}]},{"ty":"gr","bm":0,"hd":false,"mn":"ADBE Vector Group","nm":"Group 4","ix":4,"cix":2,"np":2,"it":[{"ty":"sh","bm":0,"hd":false,"mn":"ADBE Vector Shape - Group","nm":"Path 1","ix":1,"d":1,"ks":{"a":0,"k":{"c":true,"i":[[0,0],[0,0],[0,0],[0,0]],"o":[[0,0],[0,0],[0,0],[0,0]],"v":[[61.455,46.084],[-30.712,46.084],[-61.455,-46.084],[6.061,-46.084]]},"ix":2}},{"ty":"fl","bm":0,"hd":false,"mn":"ADBE Vector Graphic - Fill","nm":"Fill 1","c":{"a":0,"k":[1,1,1],"ix":4},"r":1,"o":{"a":0,"k":100,"ix":5}},{"ty":"tr","a":{"a":0,"k":[0,0],"ix":1},"s":{"a":0,"k":[100,100],"ix":3},"sk":{"a":0,"k":0,"ix":4},"p":{"a":0,"k":[648.312,885.072],"ix":2},"r":{"a":0,"k":0,"ix":6},"sa":{"a":0,"k":0,"ix":5},"o":{"a":0,"k":100,"ix":7}}]}],"ind":9},{"ty":4,"nm":"mask table","sr":1,"st":0,"op":120,"ip":0,"hd":false,"ddd":0,"bm":0,"hasMask":false,"td":1,"ao":0,"ks":{"a":{"a":0,"k":[-10.764,221.187,0],"ix":1},"s":{"a":0,"k":[107,107,100],"ix":6},"sk":{"a":0,"k":0},"p":{"a":0,"k":[479.236,575.187,0],"ix":2},"r":{"a":0,"k":0,"ix":10},"sa":{"a":0,"k":0},"o":{"a":0,"k":100,"ix":11}},"ef":[],"shapes":[{"ty":"gr","bm":0,"hd":false,"mn":"ADBE Vector Group","nm":"Group 1","ix":1,"cix":2,"np":2,"it":[{"ty":"sh","bm":0,"hd":false,"mn":"ADBE Vector Shape - Group","nm":"Path 1","ix":1,"d":1,"ks":{"a":0,"k":{"c":true,"i":[[1.244,-89.894],[385.098,0],[5.907,99.535]],"o":[[-1.166,84.257],[-390.603,0],[-4.736,-79.802]],"v":[[351.322,177.261],[-10.101,376.216],[-369.228,176.618]]},"ix":2}},{"ty":"gf","bm":0,"hd":false,"mn":"ADBE Vector Graphic - G-Fill","nm":"Gradient Fill 1","e":{"a":0,"k":[-10,169.067],"ix":6},"g":{"p":3,"k":{"a":0,"k":[0,1,1,1,0.228,0.9725490196078431,0.9764705882352941,0.984313725490196,1,0,0,0],"ix":9}},"t":1,"a":{"a":0,"k":0},"h":{"a":0,"k":0},"s":{"a":0,"k":[-10,350],"ix":5},"r":1,"o":{"a":0,"k":100,"ix":10}},{"ty":"tr","a":{"a":0,"k":[0,0],"ix":1},"s":{"a":0,"k":[100,100],"ix":3},"sk":{"a":0,"k":0,"ix":4},"p":{"a":0,"k":[0,0],"ix":2},"r":{"a":0,"k":0,"ix":6},"sa":{"a":0,"k":0,"ix":5},"o":{"a":0,"k":100,"ix":7}}]}],"ind":10},{"ty":4,"nm":"Table","sr":1,"st":0,"op":120,"ip":0,"hd":false,"ddd":0,"bm":0,"tt":1,"hasMask":false,"ao":0,"ks":{"a":{"a":0,"k":[533.504,900.43,0],"ix":1},"s":{"a":0,"k":[100,100,100],"ix":6},"sk":{"a":0,"k":0},"p":{"a":0,"k":[490,636.43,0],"ix":2},"r":{"a":0,"k":0,"ix":10},"sa":{"a":0,"k":0},"o":{"a":0,"k":100,"ix":11}},"ef":[],"shapes":[{"ty":"gr","bm":0,"hd":false,"mn":"ADBE Vector Group","nm":"Group 1","ix":1,"cix":2,"np":2,"it":[{"ty":"sh","bm":0,"hd":false,"mn":"ADBE Vector Shape - Group","nm":"Path 1","ix":1,"d":1,"ks":{"a":0,"k":{"c":true,"i":[[0,0],[0,0],[0,0],[0,0]],"o":[[0,0],[0,0],[0,0],[0,0]],"v":[[489.27,109.023],[-489.27,109.023],[-489.27,-109.023],[489.27,-109.023]]},"ix":2}},{"ty":"gf","bm":0,"hd":false,"mn":"ADBE Vector Graphic - G-Fill","nm":"Gradient Fill 1","e":{"a":0,"k":[0.287,135.487],"ix":6},"g":{"p":3,"k":{"a":0,"k":[0.012,0,0,0,0.842,0,0,0,1,1,1,1,0.012,1,0.842,0.5,1,0],"ix":9}},"t":2,"a":{"a":0,"k":0,"ix":8},"h":{"a":0,"k":0,"ix":7},"s":{"a":0,"k":[1.226,-293.394],"ix":5},"r":1,"o":{"a":0,"k":100,"ix":10}},{"ty":"tr","a":{"a":0,"k":[0,0],"ix":1},"s":{"a":0,"k":[100,100],"ix":3},"sk":{"a":0,"k":0,"ix":4},"p":{"a":0,"k":[533.504,900.43],"ix":2},"r":{"a":0,"k":0,"ix":6},"sa":{"a":0,"k":0,"ix":5},"o":{"a":0,"k":100,"ix":7}}]},{"ty":"gr","bm":2,"hd":false,"mn":"ADBE Vector Group","nm":"Group 2","ix":2,"cix":2,"np":2,"it":[{"ty":"sh","bm":0,"hd":false,"mn":"ADBE Vector Shape - Group","nm":"Path 1","ix":1,"d":1,"ks":{"a":0,"k":{"c":true,"i":[[0,0],[0,0],[0,0],[0,0]],"o":[[0,0],[0,0],[0,0],[0,0]],"v":[[489.27,109.023],[-489.27,109.023],[-489.27,-109.023],[489.27,-109.023]]},"ix":2}},{"ty":"fl","bm":0,"hd":false,"mn":"ADBE Vector Graphic - Fill","nm":"Fill 1","c":{"a":0,"k":[1,1,1],"ix":4},"r":1,"o":{"a":0,"k":100,"ix":5}},{"ty":"tr","a":{"a":0,"k":[0,0],"ix":1},"s":{"a":0,"k":[100,100],"ix":3},"sk":{"a":0,"k":0,"ix":4},"p":{"a":0,"k":[533.504,900.43],"ix":2},"r":{"a":0,"k":0,"ix":6},"sa":{"a":0,"k":0,"ix":5},"o":{"a":0,"k":100,"ix":7}}]}],"ind":11},{"ty":4,"nm":"Layer 3","sr":1,"st":0,"op":120,"ip":0,"hd":false,"ddd":0,"bm":0,"hasMask":false,"ao":0,"ks":{"a":{"a":0,"k":[-8.109,-143.344,0],"ix":1},"s":{"a":0,"k":[100,100,100],"ix":6},"sk":{"a":0,"k":0},"p":{"a":0,"k":[531.891,395.356,0],"ix":2},"r":{"a":0,"k":0,"ix":10},"sa":{"a":0,"k":0},"o":{"a":0,"k":100,"ix":11}},"ef":[],"shapes":[{"ty":"gr","bm":0,"hd":false,"mn":"ADBE Vector Group","nm":"Group 1","ix":1,"cix":2,"np":1,"it":[{"ty":"gr","bm":0,"hd":false,"mn":"ADBE Vector Group","nm":"Group 1","ix":1,"cix":2,"np":2,"it":[{"ty":"sh","bm":0,"hd":false,"mn":"ADBE Vector Shape - Group","nm":"Path 1","ix":1,"d":1,"ks":{"a":0,"k":{"c":true,"i":[[0,0],[0,0],[1.764,-1.111],[0,0],[0,0],[0,0]],"o":[[0,0],[-1.764,-1.111],[0,0],[0,0],[0,0],[0,0]],"v":[[0.164,-143.575],[-5.222,-146.965],[-10.996,-146.965],[-16.381,-143.575],[-16.381,-152.564],[0.164,-152.564]]},"ix":2}},{"ty":"fl","bm":0,"hd":false,"mn":"ADBE Vector Graphic - Fill","nm":"Fill 1","c":{"a":0,"k":[0.0196,0.0196,0.0196],"ix":4},"r":1,"o":{"a":0,"k":100,"ix":5}},{"ty":"tr","a":{"a":0,"k":[0,0],"ix":1},"s":{"a":0,"k":[100,100],"ix":3},"sk":{"a":0,"k":0,"ix":4},"p":{"a":0,"k":[0,0],"ix":2},"r":{"a":0,"k":0,"ix":6},"sa":{"a":0,"k":0,"ix":5},"o":{"a":0,"k":100,"ix":7}}]},{"ty":"tr","a":{"a":0,"k":[0,0],"ix":1},"s":{"a":0,"k":[100,100],"ix":3},"sk":{"a":0,"k":0,"ix":4},"p":{"a":0,"k":[0,0],"ix":2},"r":{"a":0,"k":0,"ix":6},"sa":{"a":0,"k":0,"ix":5},"o":{"a":0,"k":100,"ix":7}}]},{"ty":"gr","bm":0,"hd":false,"mn":"ADBE Vector Group","nm":"Group 2","ix":2,"cix":2,"np":1,"it":[{"ty":"gr","bm":0,"hd":false,"mn":"ADBE Vector Group","nm":"Group 1","ix":1,"cix":2,"np":3,"it":[{"ty":"sh","bm":0,"hd":false,"mn":"ADBE Vector Shape - Group","nm":"Path 1","ix":1,"d":1,"ks":{"a":0,"k":{"c":true,"i":[[0,0],[0,-5.089],[0,0],[-6.815,0],[0,0],[0,9.855],[0,0],[5.089,0]],"o":[[-5.089,0],[0,0],[0,6.815],[0,0],[9.855,0],[0,0],[0,-5.089],[0,0]],"v":[[10.394,-158.83],[1.164,-149.6],[1.164,-140.217],[13.524,-127.857],[23.636,-127.857],[41.509,-145.73],[41.509,-149.6],[32.279,-158.83]]},"ix":2}},{"ty":"sh","bm":0,"hd":false,"mn":"ADBE Vector Shape - Group","nm":"Path 2","ix":2,"d":1,"ks":{"a":0,"k":{"c":true,"i":[[10.958,0],[0,0],[0,7.918],[0,0],[-6.192,0],[0,0],[0,-6.192],[0,0]],"o":[[0,0],[-7.918,0],[0,0],[0,-6.192],[0,0],[6.192,0],[0,0],[0,10.958]],"v":[[23.636,-125.857],[13.524,-125.857],[-0.836,-140.217],[-0.836,-149.6],[10.394,-160.83],[32.279,-160.83],[43.509,-149.6],[43.509,-145.73]]},"ix":2}},{"ty":"fl","bm":0,"hd":false,"mn":"ADBE Vector Graphic - Fill","nm":"Fill 1","c":{"a":0,"k":[0.0196,0.0196,0.0196],"ix":4},"r":1,"o":{"a":0,"k":100,"ix":5}},{"ty":"tr","a":{"a":0,"k":[0,0],"ix":1},"s":{"a":0,"k":[100,100],"ix":3},"sk":{"a":0,"k":0,"ix":4},"p":{"a":0,"k":[0,0],"ix":2},"r":{"a":0,"k":0,"ix":6},"sa":{"a":0,"k":0,"ix":5},"o":{"a":0,"k":100,"ix":7}}]},{"ty":"tr","a":{"a":0,"k":[0,0],"ix":1},"s":{"a":0,"k":[100,100],"ix":3},"sk":{"a":0,"k":0,"ix":4},"p":{"a":0,"k":[0,0],"ix":2},"r":{"a":0,"k":0,"ix":6},"sa":{"a":0,"k":0,"ix":5},"o":{"a":0,"k":100,"ix":7}}]},{"ty":"gr","bm":0,"hd":false,"mn":"ADBE Vector Group","nm":"Group 3","ix":3,"cix":2,"np":1,"it":[{"ty":"gr","bm":0,"hd":false,"mn":"ADBE Vector Group","nm":"Group 1","ix":1,"cix":2,"np":3,"it":[{"ty":"sh","bm":0,"hd":false,"mn":"ADBE Vector Shape - Group","nm":"Path 1","ix":1,"d":1,"ks":{"a":0,"k":{"c":true,"i":[[0,0],[0,-5.089],[0,0],[-9.855,0],[0,0],[0,6.815],[0,0],[5.089,0]],"o":[[-5.089,0],[0,0],[0,9.855],[0,0],[6.815,0],[0,0],[0,-5.089],[0,0]],"v":[[-48.496,-158.83],[-57.726,-149.6],[-57.726,-145.73],[-39.854,-127.857],[-29.741,-127.857],[-17.381,-140.217],[-17.381,-149.6],[-26.611,-158.83]]},"ix":2}},{"ty":"sh","bm":0,"hd":false,"mn":"ADBE Vector Shape - Group","nm":"Path 2","ix":2,"d":1,"ks":{"a":0,"k":{"c":true,"i":[[7.918,0],[0,0],[0,10.958],[0,0],[-6.192,0],[0,0],[0,-6.192],[0,0]],"o":[[0,0],[-10.958,0],[0,0],[0,-6.192],[0,0],[6.192,0],[0,0],[0,7.918]],"v":[[-29.741,-125.857],[-39.854,-125.857],[-59.726,-145.73],[-59.726,-149.6],[-48.496,-160.83],[-26.611,-160.83],[-15.381,-149.6],[-15.381,-140.217]]},"ix":2}},{"ty":"fl","bm":0,"hd":false,"mn":"ADBE Vector Graphic - Fill","nm":"Fill 1","c":{"a":0,"k":[0.0196,0.0196,0.0196],"ix":4},"r":1,"o":{"a":0,"k":100,"ix":5}},{"ty":"tr","a":{"a":0,"k":[0,0],"ix":1},"s":{"a":0,"k":[100,100],"ix":3},"sk":{"a":0,"k":0,"ix":4},"p":{"a":0,"k":[0,0],"ix":2},"r":{"a":0,"k":0,"ix":6},"sa":{"a":0,"k":0,"ix":5},"o":{"a":0,"k":100,"ix":7}}]},{"ty":"tr","a":{"a":0,"k":[0,0],"ix":1},"s":{"a":0,"k":[100,100],"ix":3},"sk":{"a":0,"k":0,"ix":4},"p":{"a":0,"k":[0,0],"ix":2},"r":{"a":0,"k":0,"ix":6},"sa":{"a":0,"k":0,"ix":5},"o":{"a":0,"k":100,"ix":7}}]}],"ind":12,"parent":15},{"ty":4,"nm":"face","sr":1,"st":0,"op":120,"ip":0,"hd":false,"ddd":0,"bm":0,"hasMask":false,"ao":0,"ks":{"a":{"a":0,"k":[532.32,386.329,0],"ix":1},"s":{"a":0,"k":[100,100,100],"ix":6},"sk":{"a":0,"k":0},"p":{"a":0,"k":[532.32,386.329,0],"ix":2},"r":{"a":0,"k":0,"ix":10},"sa":{"a":0,"k":0},"o":{"a":0,"k":100,"ix":11}},"ef":[],"shapes":[{"ty":"gr","bm":0,"hd":false,"mn":"ADBE Vector Group","nm":"eyes 1","ix":1,"cix":2,"np":2,"it":[{"ty":"gr","bm":0,"hd":false,"mn":"ADBE Vector Group","nm":"Group 1","ix":1,"cix":2,"np":2,"it":[{"ty":"sh","bm":0,"hd":false,"mn":"ADBE Vector Shape - Group","nm":"Path 1","ix":1,"d":1,"ks":{"a":0,"k":{"c":true,"i":[[0,-3.514],[2.914,0],[0,3.514],[-2.914,0]],"o":[[0,3.514],[-2.914,0],[0,-3.514],[2.914,0]],"v":[[5.276,0],[0,6.362],[-5.276,0],[0,-6.362]]},"ix":2}},{"ty":"fl","bm":0,"hd":false,"mn":"ADBE Vector Graphic - Fill","nm":"Fill 1","c":{"a":0,"k":[0.1373,0.1216,0.1255],"ix":4},"r":1,"o":{"a":0,"k":100,"ix":5}},{"ty":"tr","a":{"a":0,"k":[0,0],"ix":1},"s":{"a":0,"k":[100,100],"ix":3},"sk":{"a":0,"k":0,"ix":4},"p":{"a":0,"k":[507.921,384.547],"ix":2},"r":{"a":0,"k":0,"ix":6},"sa":{"a":0,"k":0,"ix":5},"o":{"a":0,"k":100,"ix":7}}]},{"ty":"gr","bm":0,"hd":false,"mn":"ADBE Vector Group","nm":"Group 2","ix":2,"cix":2,"np":2,"it":[{"ty":"sh","bm":0,"hd":false,"mn":"ADBE Vector Shape - Group","nm":"Path 1","ix":1,"d":1,"ks":{"a":0,"k":{"c":true,"i":[[0,-3.514],[2.914,0],[0,3.514],[-2.914,0]],"o":[[0,3.514],[-2.914,0],[0,-3.514],[2.914,0]],"v":[[5.276,0],[0,6.362],[-5.276,0],[0,-6.362]]},"ix":2}},{"ty":"fl","bm":0,"hd":false,"mn":"ADBE Vector Graphic - Fill","nm":"Fill 1","c":{"a":0,"k":[0.1373,0.1216,0.1255],"ix":4},"r":1,"o":{"a":0,"k":100,"ix":5}},{"ty":"tr","a":{"a":0,"k":[0,0],"ix":1},"s":{"a":0,"k":[100,100],"ix":3},"sk":{"a":0,"k":0,"ix":4},"p":{"a":0,"k":[557.696,384.547],"ix":2},"r":{"a":0,"k":0,"ix":6},"sa":{"a":0,"k":0,"ix":5},"o":{"a":0,"k":100,"ix":7}}]},{"ty":"tr","a":{"a":0,"k":[532.809,384.547],"ix":1},"s":{"a":1,"k":[{"o":{"x":0.333,"y":0},"i":{"x":0.667,"y":1},"s":[100,100],"t":29},{"o":{"x":0.333,"y":0},"i":{"x":0.667,"y":1},"s":[100,-3],"t":31},{"o":{"x":0.167,"y":0},"i":{"x":0.667,"y":1},"s":[100,100],"t":33},{"o":{"x":0.333,"y":0},"i":{"x":0.667,"y":1},"s":[100,100],"t":71},{"o":{"x":0.333,"y":0},"i":{"x":0.667,"y":1},"s":[100,-3],"t":73},{"o":{"x":0.167,"y":0},"i":{"x":0.667,"y":1},"s":[100,100],"t":75},{"o":{"x":0.333,"y":0},"i":{"x":0.667,"y":1},"s":[100,100],"t":114},{"o":{"x":0.333,"y":0},"i":{"x":0.667,"y":1},"s":[100,-3],"t":116},{"s":[100,100],"t":118}],"ix":3},"sk":{"a":0,"k":0,"ix":4},"p":{"a":0,"k":[532.809,384.547],"ix":2},"r":{"a":0,"k":0,"ix":6},"sa":{"a":0,"k":0,"ix":5},"o":{"a":0,"k":100,"ix":7}}]},{"ty":"gr","bm":0,"hd":false,"mn":"ADBE Vector Group","nm":"Group 3","ix":2,"cix":2,"np":2,"it":[{"ty":"sh","bm":0,"hd":false,"mn":"ADBE Vector Shape - Group","nm":"Path 1","ix":1,"d":1,"ks":{"a":0,"k":{"c":true,"i":[[0,-5.228],[5.228,0],[0,5.228],[-5.228,0]],"o":[[0,5.228],[-5.228,0],[0,-5.228],[5.228,0]],"v":[[9.466,0],[0,9.466],[-9.466,0],[0,-9.466]]},"ix":2}},{"ty":"fl","bm":0,"hd":false,"mn":"ADBE Vector Graphic - Fill","nm":"Fill 1","c":{"a":0,"k":[0,0,0],"ix":4},"r":1,"o":{"a":0,"k":100,"ix":5}},{"ty":"tr","a":{"a":0,"k":[0,0],"ix":1},"s":{"a":0,"k":[100,100],"ix":3},"sk":{"a":0,"k":0,"ix":4},"p":{"a":0,"k":[496.235,400.375],"ix":2},"r":{"a":0,"k":0,"ix":6},"sa":{"a":0,"k":0,"ix":5},"o":{"a":0,"k":100,"ix":7}}]},{"ty":"gr","bm":0,"hd":false,"mn":"ADBE Vector Group","nm":"Group 4","ix":3,"cix":2,"np":2,"it":[{"ty":"sh","bm":0,"hd":false,"mn":"ADBE Vector Shape - Group","nm":"Path 1","ix":1,"d":1,"ks":{"a":0,"k":{"c":true,"i":[[0,-5.228],[5.228,0],[0,5.228],[-5.228,0]],"o":[[0,5.228],[-5.228,0],[0,-5.228],[5.228,0]],"v":[[9.466,0],[0,9.466],[-9.466,0],[0,-9.466]]},"ix":2}},{"ty":"fl","bm":0,"hd":false,"mn":"ADBE Vector Graphic - Fill","nm":"Fill 1","c":{"a":0,"k":[0,0,0],"ix":4},"r":1,"o":{"a":0,"k":100,"ix":5}},{"ty":"tr","a":{"a":0,"k":[0,0],"ix":1},"s":{"a":0,"k":[100,100],"ix":3},"sk":{"a":0,"k":0,"ix":4},"p":{"a":0,"k":[568.406,400.375],"ix":2},"r":{"a":0,"k":0,"ix":6},"sa":{"a":0,"k":0,"ix":5},"o":{"a":0,"k":100,"ix":7}}]},{"ty":"gr","bm":0,"hd":false,"mn":"ADBE Vector Group","nm":"Group 5","ix":4,"cix":2,"np":2,"it":[{"ty":"sh","bm":0,"hd":false,"mn":"ADBE Vector Shape - Group","nm":"Path 1","ix":1,"d":1,"ks":{"a":0,"k":{"c":true,"i":[[0,0],[1.361,-0.992],[1.713,0.007],[1.376,0.979],[0.231,1.736],[0,0],[-0.074,0.01],[-0.028,-0.026],[-1.229,-0.502],[-1.323,0.016],[-1.234,0.494],[-0.992,0.905],[-0.05,-0.055],[0.005,-0.038]],"o":[[-0.226,1.74],[-1.377,0.979],[-1.713,0],[-1.359,-0.995],[0,0],[-0.01,-0.074],[0.041,-0.005],[0.992,0.906],[1.234,0.494],[1.323,0.015],[1.229,-0.502],[0.055,-0.05],[0.028,0.03],[0,0]],"v":[[7.462,-2.696],[4.805,1.443],[0,2.944],[-4.802,1.437],[-7.461,-2.696],[-7.474,-2.791],[-7.358,-2.943],[-7.249,-2.908],[-3.885,-0.778],[0,-0.055],[3.885,-0.779],[7.25,-2.908],[7.44,-2.9],[7.474,-2.792]]},"ix":2}},{"ty":"fl","bm":0,"hd":false,"mn":"ADBE Vector Graphic - Fill","nm":"Fill 1","c":{"a":0,"k":[0,0,0],"ix":4},"r":1,"o":{"a":0,"k":100,"ix":5}},{"ty":"tr","a":{"a":0,"k":[0,0],"ix":1},"s":{"a":0,"k":[100,100],"ix":3},"sk":{"a":0,"k":0,"ix":4},"p":{"a":0,"k":[532.644,415.556],"ix":2},"r":{"a":0,"k":0,"ix":6},"sa":{"a":0,"k":0,"ix":5},"o":{"a":0,"k":100,"ix":7}}]},{"ty":"gr","bm":0,"hd":false,"mn":"ADBE Vector Group","nm":"Group 6","ix":5,"cix":2,"np":2,"it":[{"ty":"sh","bm":0,"hd":false,"mn":"ADBE Vector Shape - Group","nm":"Path 1","ix":1,"d":1,"ks":{"a":0,"k":{"c":true,"i":[[-0.027,-0.055],[0.28,-0.719],[0.421,-0.609],[0.84,-1.086],[-0.641,-0.727],[-0.474,-0.409],[-0.687,-0.43],[0,0],[0.05,-0.081],[0.023,-0.014],[1.455,0.937],[0.379,0.809],[0.078,0.791],[-0.192,0.331],[-0.159,0.151],[-1.079,0.905],[0.106,1.364],[0,0],[-0.084,0.007]],"o":[[0.337,0.696],[-0.271,0.734],[-0.837,1.159],[-0.235,-0.387],[0.365,0.405],[0.485,0.39],[0,0],[0.081,0.05],[-0.015,0.024],[-1.467,0.851],[-0.73,-0.48],[-0.158,-0.408],[-0.037,-0.378],[0.184,-0.336],[1.078,-0.976],[1.011,-0.857],[0,0],[-0.007,-0.084],[0.064,-0.005]],"v":[[2.706,-6.156],[2.687,-3.864],[1.587,-1.87],[-0.956,1.517],[0.507,3.027],[1.759,4.233],[3.471,5.433],[3.479,5.438],[3.534,5.675],[3.474,5.733],[-1.371,5.367],[-3.092,3.392],[-3.553,1.824],[-3.29,0.605],[-2.741,-0.088],[0.477,-2.879],[2.418,-6.073],[2.417,-6.078],[2.557,-6.242]]},"ix":2}},{"ty":"fl","bm":0,"hd":false,"mn":"ADBE Vector Graphic - Fill","nm":"Fill 1","c":{"a":0,"k":[0,0,0],"ix":4},"r":1,"o":{"a":0,"k":100,"ix":5}},{"ty":"tr","a":{"a":0,"k":[0,0],"ix":1},"s":{"a":0,"k":[100,100],"ix":3},"sk":{"a":0,"k":0,"ix":4},"p":{"a":0,"k":[528.707,397.46],"ix":2},"r":{"a":0,"k":0,"ix":6},"sa":{"a":0,"k":0,"ix":5},"o":{"a":0,"k":100,"ix":7}}]},{"ty":"gr","bm":0,"hd":false,"mn":"ADBE Vector Group","nm":"eyebrows","ix":6,"cix":2,"np":2,"it":[{"ty":"gr","bm":0,"hd":false,"mn":"ADBE Vector Group","nm":"Group 8","ix":1,"cix":2,"np":2,"it":[{"ty":"sh","bm":0,"hd":false,"mn":"ADBE Vector Shape - Group","nm":"Path 1","ix":1,"d":1,"ks":{"a":0,"k":{"c":true,"i":[[-0.033,0.044],[-2.625,0.995],[-1.412,0.056],[-1.394,-0.083],[-1.359,-0.284],[-1.283,-0.504],[-1.853,-1.965],[0.09,-0.084],[0.083,0.051],[2.492,0.428],[1.248,0.047],[1.229,-0.109],[1.189,-0.317],[1.22,-0.187],[2.871,-0.154],[0.009,0.134]],"o":[[1.761,-2.332],[1.32,-0.491],[1.414,-0.047],[1.399,0.088],[1.356,0.307],[2.54,1.056],[0.084,0.089],[-0.074,0.07],[-2.232,-1.36],[-1.238,-0.237],[-1.245,-0.069],[-1.235,0.104],[-1.192,0.308],[-2.453,0.361],[-0.134,0.008],[-0.004,-0.059]],"v":[[-15.064,2.314],[-8.214,-2.521],[-4.086,-3.338],[0.131,-3.231],[4.273,-2.67],[8.24,-1.457],[15.052,2.978],[15.043,3.293],[14.772,3.32],[7.617,0.661],[3.879,0.239],[0.16,0.301],[-3.481,0.991],[-7.076,1.745],[-14.855,2.703],[-15.113,2.476]]},"ix":2}},{"ty":"fl","bm":0,"hd":false,"mn":"ADBE Vector Graphic - Fill","nm":"Fill 1","c":{"a":0,"k":[0.0118,0.0157,0.0157],"ix":4},"r":1,"o":{"a":0,"k":100,"ix":5}},{"ty":"tr","a":{"a":0,"k":[0,0],"ix":1},"s":{"a":0,"k":[100,100],"ix":3},"sk":{"a":0,"k":0,"ix":4},"p":{"a":0,"k":[560.396,357.73],"ix":2},"r":{"a":0,"k":0,"ix":6},"sa":{"a":0,"k":0,"ix":5},"o":{"a":0,"k":100,"ix":7}}]},{"ty":"gr","bm":0,"hd":false,"mn":"ADBE Vector Group","nm":"Group 9","ix":2,"cix":2,"np":2,"it":[{"ty":"sh","bm":0,"hd":false,"mn":"ADBE Vector Shape - Group","nm":"Path 1","ix":1,"d":1,"ks":{"a":0,"k":{"c":true,"i":[[-0.033,0.044],[-2.625,0.995],[-1.412,0.056],[-1.394,-0.083],[-1.359,-0.284],[-1.283,-0.504],[-1.853,-1.965],[0.09,-0.084],[0.083,0.051],[2.492,0.428],[1.248,0.047],[1.229,-0.109],[1.189,-0.317],[1.22,-0.187],[2.871,-0.154],[0.009,0.134]],"o":[[1.761,-2.332],[1.32,-0.491],[1.414,-0.047],[1.399,0.088],[1.356,0.307],[2.54,1.056],[0.084,0.089],[-0.074,0.07],[-2.232,-1.36],[-1.238,-0.237],[-1.245,-0.069],[-1.235,0.104],[-1.192,0.308],[-2.453,0.361],[-0.134,0.008],[-0.004,-0.059]],"v":[[-15.064,2.314],[-8.214,-2.521],[-4.086,-3.338],[0.131,-3.231],[4.273,-2.67],[8.24,-1.457],[15.052,2.978],[15.043,3.293],[14.772,3.32],[7.617,0.661],[3.879,0.239],[0.16,0.301],[-3.481,0.991],[-7.076,1.745],[-14.855,2.703],[-15.113,2.476]]},"ix":2}},{"ty":"fl","bm":0,"hd":false,"mn":"ADBE Vector Graphic - Fill","nm":"Fill 1","c":{"a":0,"k":[0.0118,0.0157,0.0157],"ix":4},"r":1,"o":{"a":0,"k":100,"ix":5}},{"ty":"tr","a":{"a":0,"k":[0,0],"ix":1},"s":{"a":0,"k":[-100,100],"ix":3},"sk":{"a":0,"k":0,"ix":4},"p":{"a":0,"k":[505.896,357.73],"ix":2},"r":{"a":0,"k":0,"ix":6},"sa":{"a":0,"k":0,"ix":5},"o":{"a":0,"k":100,"ix":7}}]},{"ty":"tr","a":{"a":0,"k":[533.023,358.283],"ix":1},"s":{"a":0,"k":[100,100],"ix":3},"sk":{"a":0,"k":0,"ix":4},"p":{"a":1,"k":[{"o":{"x":0.333,"y":0},"i":{"x":0.667,"y":1},"s":[533.023,363.883],"t":0,"ti":[0,1.133],"to":[0,-1.133]},{"o":{"x":0.333,"y":0.333},"i":{"x":0.667,"y":0.667},"s":[533.023,357.083],"t":10,"ti":[0,0],"to":[0,0]},{"o":{"x":0.167,"y":0},"i":{"x":0.667,"y":1},"s":[533.023,357.083],"t":64,"ti":[0,-1.133],"to":[0,1.133]},{"s":[533.023,363.883],"t":75}],"ix":2},"r":{"a":0,"k":0,"ix":6},"sa":{"a":0,"k":0,"ix":5},"o":{"a":0,"k":100,"ix":7}}]}],"ind":13,"parent":15},{"ty":4,"nm":"Layer 2","sr":1,"st":0,"op":120,"ip":0,"hd":false,"ddd":0,"bm":0,"hasMask":false,"ao":0,"ks":{"a":{"a":0,"k":[0,0,0],"ix":1},"s":{"a":0,"k":[100,100,100],"ix":6},"sk":{"a":0,"k":0},"p":{"a":0,"k":[540,537.2,0],"ix":2},"r":{"a":0,"k":0,"ix":10},"sa":{"a":0,"k":0},"o":{"a":0,"k":100,"ix":11}},"ef":[],"shapes":[{"ty":"gr","bm":0,"hd":false,"mn":"ADBE Vector Group","nm":"Group 1","ix":1,"cix":2,"np":2,"it":[{"ty":"sh","bm":0,"hd":false,"mn":"ADBE Vector Shape - Group","nm":"Path 1","ix":1,"d":1,"ks":{"a":0,"k":{"c":true,"i":[[0,0],[0,17.186],[15.884,8.603],[19.903,5.694],[12.63,-4.73],[0,0],[-0.146,-23.661],[0,0],[-20.092,5.205],[-7.31,19.681],[0,0],[-4.728,-15.825]],"o":[[0,0],[0,-28.994],[-17.987,-9.742],[-12.967,-3.709],[-26.877,10.065],[0,0],[0.118,19.144],[0,0],[19.933,-5.163],[0,0],[8.012,14.125],[0,0]],"v":[[51.623,-172.83],[70.61,-211.743],[42.975,-259.72],[5.436,-282.772],[-35.354,-281.328],[-74.924,-246.854],[-93.248,-218.155],[-66.4,-172.83],[-46.658,-204.705],[11.882,-227.824],[22.238,-210.375],[48.978,-181.675]]},"ix":2}},{"ty":"fl","bm":0,"hd":false,"mn":"ADBE Vector Graphic - Fill","nm":"Fill 1","c":{"a":0,"k":[0.0196,0.0196,0.0196],"ix":4},"r":1,"o":{"a":0,"k":100,"ix":5}},{"ty":"tr","a":{"a":0,"k":[0,0],"ix":1},"s":{"a":0,"k":[100,100],"ix":3},"sk":{"a":0,"k":0,"ix":4},"p":{"a":0,"k":[0,0],"ix":2},"r":{"a":0,"k":0,"ix":6},"sa":{"a":0,"k":0,"ix":5},"o":{"a":0,"k":100,"ix":7}}]}],"ind":14,"parent":15},{"ty":4,"nm":"head","sr":1,"st":0,"op":120,"ip":0,"hd":false,"ddd":0,"bm":0,"hasMask":false,"ao":0,"ks":{"a":{"a":0,"k":[532.673,437.993,0],"ix":1},"s":{"a":0,"k":[100,100,100],"ix":6},"sk":{"a":0,"k":0},"p":{"a":0,"k":[482.673,247.793,0],"ix":2},"r":{"a":1,"k":[{"o":{"x":0.333,"y":0},"i":{"x":0.667,"y":1},"s":[0],"t":37},{"o":{"x":0.167,"y":0},"i":{"x":0.667,"y":1},"s":[-8],"t":48},{"o":{"x":0.167,"y":0},"i":{"x":0.667,"y":1},"s":[-8],"t":80},{"s":[0],"t":91}],"ix":10},"sa":{"a":0,"k":0},"o":{"a":0,"k":100,"ix":11}},"ef":[],"shapes":[{"ty":"gr","bm":0,"hd":false,"mn":"ADBE Vector Group","nm":"Group 3","ix":1,"cix":2,"np":2,"it":[{"ty":"sh","bm":0,"hd":false,"mn":"ADBE Vector Shape - Group","nm":"Path 1","ix":1,"d":1,"ks":{"a":0,"k":{"c":true,"i":[[0.556,-1.394],[0.724,0.998],[0.863,0.786],[1.06,0.616],[1.386,0.565],[-1.5,-0.299],[-1.149,-1.05],[-0.445,-1.468]],"o":[[-0.689,-1.326],[-0.714,-0.997],[-0.867,-0.781],[-1.062,-0.625],[1.335,-0.689],[1.503,0.305],[1.151,1.048],[0.438,1.465]],"v":[[5.234,5.28],[3.191,1.842],[0.834,-0.814],[-2.035,-2.906],[-5.649,-4.618],[-1.236,-5.125],[2.852,-3.033],[5.318,0.84]]},"ix":2}},{"ty":"fl","bm":0,"hd":false,"mn":"ADBE Vector Graphic - Fill","nm":"Fill 1","c":{"a":0,"k":[0,0,0],"ix":4},"r":1,"o":{"a":0,"k":100,"ix":5}},{"ty":"tr","a":{"a":0,"k":[0,0],"ix":1},"s":{"a":0,"k":[100,100],"ix":3},"sk":{"a":0,"k":0,"ix":4},"p":{"a":0,"k":[466.162,367.17],"ix":2},"r":{"a":0,"k":0,"ix":6},"sa":{"a":0,"k":0,"ix":5},"o":{"a":0,"k":100,"ix":7}}]},{"ty":"gr","bm":0,"hd":false,"mn":"ADBE Vector Group","nm":"Group 4","ix":2,"cix":2,"np":2,"it":[{"ty":"sh","bm":0,"hd":false,"mn":"ADBE Vector Shape - Group","nm":"Path 1","ix":1,"d":1,"ks":{"a":0,"k":{"c":true,"i":[[0.689,-1.326],[-0.438,1.465],[-1.151,1.048],[-1.503,0.305],[-1.335,-0.689],[1.062,-0.625],[0.867,-0.781],[0.714,-0.997]],"o":[[-0.556,-1.394],[0.445,-1.468],[1.149,-1.05],[1.5,-0.299],[-1.386,0.565],[-1.06,0.616],[-0.863,0.786],[-0.724,0.998]],"v":[[-5.234,5.28],[-5.318,0.84],[-2.852,-3.033],[1.236,-5.125],[5.649,-4.618],[2.035,-2.906],[-0.834,-0.814],[-3.191,1.842]]},"ix":2}},{"ty":"fl","bm":0,"hd":false,"mn":"ADBE Vector Graphic - Fill","nm":"Fill 1","c":{"a":0,"k":[0,0,0],"ix":4},"r":1,"o":{"a":0,"k":100,"ix":5}},{"ty":"tr","a":{"a":0,"k":[0,0],"ix":1},"s":{"a":0,"k":[100,100],"ix":3},"sk":{"a":0,"k":0,"ix":4},"p":{"a":0,"k":[599.452,367.17],"ix":2},"r":{"a":0,"k":0,"ix":6},"sa":{"a":0,"k":0,"ix":5},"o":{"a":0,"k":100,"ix":7}}]},{"ty":"gr","bm":0,"hd":false,"mn":"ADBE Vector Group","nm":"Group 6","ix":3,"cix":2,"np":2,"it":[{"ty":"sh","bm":0,"hd":false,"mn":"ADBE Vector Shape - Group","nm":"Path 1","ix":1,"d":1,"ks":{"a":0,"k":{"c":false,"i":[[0,0],[-2.118,0.371],[-1.923,-3.322],[0.002,-4.049],[4.199,-4.013],[5.806,-0.155]],"o":[[0,0],[3.362,-0.588],[0.966,1.669],[-0.003,5.809],[-4.199,4.013],[0,0]],"v":[[-4.965,-12.772],[0.248,-16.501],[9.251,-12.274],[10.867,-4.855],[4.858,10.076],[-10.867,16.627]]},"ix":2}},{"ty":"fl","bm":0,"hd":false,"mn":"ADBE Vector Graphic - Fill","nm":"Fill 1","c":{"a":0,"k":[1,1,1],"ix":4},"r":1,"o":{"a":0,"k":100,"ix":5}},{"ty":"tr","a":{"a":0,"k":[0,0],"ix":1},"s":{"a":0,"k":[100,100],"ix":3},"sk":{"a":0,"k":0,"ix":4},"p":{"a":0,"k":[599.743,367.92],"ix":2},"r":{"a":0,"k":0,"ix":6},"sa":{"a":0,"k":0,"ix":5},"o":{"a":0,"k":100,"ix":7}}]},{"ty":"gr","bm":0,"hd":false,"mn":"ADBE Vector Group","nm":"Group 7","ix":4,"cix":2,"np":2,"it":[{"ty":"sh","bm":0,"hd":false,"mn":"ADBE Vector Shape - Group","nm":"Path 1","ix":1,"d":1,"ks":{"a":0,"k":{"c":false,"i":[[0,0],[2.118,0.371],[1.923,-3.322],[-0.002,-4.049],[-4.199,-4.013],[-5.806,-0.155]],"o":[[0,0],[-3.362,-0.588],[-0.966,1.669],[0.003,5.809],[4.199,4.013],[0,0]],"v":[[4.965,-12.772],[-0.248,-16.501],[-9.251,-12.274],[-10.867,-4.855],[-4.858,10.076],[10.867,16.627]]},"ix":2}},{"ty":"fl","bm":0,"hd":false,"mn":"ADBE Vector Graphic - Fill","nm":"Fill 1","c":{"a":0,"k":[1,1,1],"ix":4},"r":1,"o":{"a":0,"k":100,"ix":5}},{"ty":"tr","a":{"a":0,"k":[0,0],"ix":1},"s":{"a":0,"k":[100,100],"ix":3},"sk":{"a":0,"k":0,"ix":4},"p":{"a":0,"k":[465.744,367.92],"ix":2},"r":{"a":0,"k":0,"ix":6},"sa":{"a":0,"k":0,"ix":5},"o":{"a":0,"k":100,"ix":7}}]},{"ty":"gr","bm":0,"hd":false,"mn":"ADBE Vector Group","nm":"Group 8","ix":5,"cix":2,"np":2,"it":[{"ty":"sh","bm":0,"hd":false,"mn":"ADBE Vector Shape - Group","nm":"Path 1","ix":1,"d":1,"ks":{"a":0,"k":{"c":true,"i":[[0,0],[0,0],[-16.806,-6.482],[0,0],[-12.841,4.953],[0,0],[-4.398,17.468],[0,0],[0,0]],"o":[[0,0],[4.398,17.468],[0,0],[12.841,4.953],[0,0],[16.806,-6.482],[0,0],[0,0],[0,0]],"v":[[-70.131,-21.619],[-53.768,43.366],[-19.954,81.559],[-19.954,81.559],[19.954,81.559],[19.954,81.559],[53.768,43.366],[70.131,-21.619],[0.276,-85.273]]},"ix":2}},{"ty":"gf","bm":0,"hd":false,"mn":"ADBE Vector Graphic - G-Fill","nm":"Gradient Fill 1","e":{"a":0,"k":[2.085,92.018],"ix":6},"g":{"p":3,"k":{"a":0,"k":[0.395,1,1,1,0.702,1,1,1,1,1,1,1],"ix":9}},"t":2,"a":{"a":0,"k":0,"ix":8},"h":{"a":0,"k":0,"ix":7},"s":{"a":0,"k":[-1.415,33.267],"ix":5},"r":1,"o":{"a":0,"k":100,"ix":10}},{"ty":"tr","a":{"a":0,"k":[0,0],"ix":1},"s":{"a":0,"k":[100,100],"ix":3},"sk":{"a":0,"k":0,"ix":4},"p":{"a":0,"k":[532.644,352.72],"ix":2},"r":{"a":0,"k":0,"ix":6},"sa":{"a":0,"k":0,"ix":5},"o":{"a":0,"k":100,"ix":7}}]}],"ind":15},{"ty":4,"nm":"Body","sr":1,"st":0,"op":120,"ip":0,"hd":false,"ddd":0,"bm":0,"hasMask":false,"ao":0,"ks":{"a":{"a":0,"k":[534.198,622.779,0],"ix":1},"s":{"a":0,"k":[100,100,100],"ix":6},"sk":{"a":0,"k":0},"p":{"a":0,"k":[484.198,412.779,0],"ix":2},"r":{"a":0,"k":0,"ix":10},"sa":{"a":0,"k":0},"o":{"a":0,"k":100,"ix":11}},"ef":[],"shapes":[{"ty":"gr","bm":0,"hd":false,"mn":"ADBE Vector Group","nm":"Group 2","ix":1,"cix":2,"np":2,"it":[{"ty":"sh","bm":0,"hd":false,"mn":"ADBE Vector Shape - Group","nm":"Path 1","ix":1,"d":1,"ks":{"a":0,"k":{"c":true,"i":[[0,0],[38.523,5.266],[9.404,0.329],[9.85,-0.993],[30.255,-3.051],[4.862,76.258],[0,0],[-2,2],[-4.526,2.306],[-12.441,-5.265],[-33.89,0],[-14.394,6.184],[-12.145,-6.265],[-4.077,-2.965],[-0.212,-2.226],[0,0]],"o":[[-38.873,-0.794],[-9.323,-1.275],[-9.894,-0.346],[-30.255,3.051],[0,0],[-0.175,-2.752],[2,-1],[4.314,-3.138],[12.037,-6.133],[14.613,6.184],[33.89,0],[12.556,-5.394],[4.271,2.203],[2,2],[3.886,40.83],[0,0]],"v":[[125.911,169.902],[16.868,169.823],[-11.171,166.682],[-40.802,168.324],[-126.569,169.814],[-123.569,-79.517],[-131.355,-154.178],[-124.355,-159.178],[-111.046,-167.144],[-72.433,-168.303],[0,-155.194],[71.969,-168.303],[110.992,-166.762],[123.555,-159.178],[130.555,-154.178],[122.911,-79.517]]},"ix":2}},{"ty":"fl","bm":0,"hd":false,"mn":"ADBE Vector Graphic - Fill","nm":"Fill 1","c":{"a":0,"k":[0.6392,0.6392,0.6392],"ix":4},"r":1,"o":{"a":0,"k":100,"ix":5}},{"ty":"tr","a":{"a":0,"k":[0,0],"ix":1},"s":{"a":0,"k":[100,100],"ix":3},"sk":{"a":0,"k":0,"ix":4},"p":{"a":0,"k":[534.198,645.233],"ix":2},"r":{"a":0,"k":0,"ix":6},"sa":{"a":0,"k":0,"ix":5},"o":{"a":0,"k":100,"ix":7}}]},{"ty":"gr","bm":0,"hd":false,"mn":"ADBE Vector Group","nm":"Group 1","ix":2,"cix":2,"np":2,"it":[{"ty":"gr","bm":0,"hd":false,"mn":"ADBE Vector Group","nm":"Group 1","ix":1,"cix":2,"np":2,"it":[{"ty":"sh","bm":0,"hd":false,"mn":"ADBE Vector Shape - Group","nm":"Path 1","ix":1,"d":1,"ks":{"a":0,"k":{"c":true,"i":[[2.249,-7.24],[-7.089,0],[-6.796,2.795],[0.951,7.123],[0,0]],"o":[[6.114,2.156],[8.137,0],[-2.064,-6.936],[0,0],[-0.998,7.474]],"v":[[-21.277,9.502],[-1.333,12.86],[21.277,8.48],[16.991,-12.86],[-16.679,-12.86]]},"ix":2}},{"ty":"fl","bm":0,"hd":false,"mn":"ADBE Vector Graphic - Fill","nm":"Fill 1","c":{"a":0,"k":[0.8784,0.8784,0.8784],"ix":4},"r":1,"o":{"a":0,"k":100,"ix":5}},{"ty":"tr","a":{"a":0,"k":[0,0],"ix":1},"s":{"a":0,"k":[100,100],"ix":3},"sk":{"a":0,"k":0,"ix":4},"p":{"a":0,"k":[533.348,456.671],"ix":2},"r":{"a":0,"k":0,"ix":6},"sa":{"a":0,"k":0,"ix":5},"o":{"a":0,"k":100,"ix":7}}]},{"ty":"gr","bm":0,"hd":false,"mn":"ADBE Vector Group","nm":"Group 2","ix":2,"cix":2,"np":2,"it":[{"ty":"sh","bm":0,"hd":false,"mn":"ADBE Vector Shape - Group","nm":"Path 1","ix":1,"d":1,"ks":{"a":0,"k":{"c":true,"i":[[0,0],[11.899,-11.892],[0,0],[2.227,16.674]],"o":[[-2.227,16.674],[0,0],[-11.899,-11.892],[0,0]],"v":[[-16.835,-23.064],[-34.902,23.064],[34.902,23.064],[16.835,-23.064]]},"ix":2}},{"ty":"fl","bm":0,"hd":false,"mn":"ADBE Vector Graphic - Fill","nm":"Fill 1","c":{"a":0,"k":[1,1,1],"ix":4},"r":1,"o":{"a":0,"k":100,"ix":5}},{"ty":"tr","a":{"a":0,"k":[0,0],"ix":1},"s":{"a":0,"k":[100,100],"ix":3},"sk":{"a":0,"k":0,"ix":4},"p":{"a":0,"k":[533.504,466.875],"ix":2},"r":{"a":0,"k":0,"ix":6},"sa":{"a":0,"k":0,"ix":5},"o":{"a":0,"k":100,"ix":7}}]},{"ty":"tr","a":{"a":0,"k":[533.504,451.375],"ix":1},"s":{"a":0,"k":[100,100],"ix":3},"sk":{"a":0,"k":0,"ix":4},"p":{"a":0,"k":[533.504,451.375],"ix":2},"r":{"a":0,"k":0,"ix":6},"sa":{"a":0,"k":0,"ix":5},"o":{"a":0,"k":100,"ix":7}}]}],"ind":16},{"ty":4,"nm":"back hair","sr":1,"st":0,"op":120,"ip":0,"hd":false,"ddd":0,"bm":0,"hasMask":false,"ao":0,"ks":{"a":{"a":0,"k":[-6.496,-246.937,0],"ix":1},"s":{"a":0,"k":[100,100,100],"ix":6},"sk":{"a":0,"k":0},"p":{"a":0,"k":[533.504,278.263,0],"ix":2},"r":{"a":1,"k":[{"o":{"x":0.167,"y":0.167},"i":{"x":0.833,"y":0.833},"s":[0],"t":37},{"o":{"x":0.167,"y":0.167},"i":{"x":0.833,"y":0.833},"s":[8],"t":48},{"o":{"x":0.167,"y":0.167},"i":{"x":0.833,"y":0.833},"s":[8],"t":80},{"s":[0],"t":91}],"ix":10},"sa":{"a":0,"k":0},"o":{"a":0,"k":100,"ix":11}},"ef":[{"ty":0,"mn":"ADBE Slider Control","nm":"Rotation - Overshoot","ix":1,"en":1,"ef":[{"ty":0,"mn":"ADBE Slider Control-0001","nm":"Slider","ix":1,"v":{"a":0,"k":30,"ix":1}}]},{"ty":0,"mn":"ADBE Slider Control","nm":"Rotation - Bounce","ix":2,"en":1,"ef":[{"ty":0,"mn":"ADBE Slider Control-0001","nm":"Slider","ix":1,"v":{"a":0,"k":30,"ix":1}}]},{"ty":0,"mn":"ADBE Slider Control","nm":"Rotation - Friction","ix":3,"en":1,"ef":[{"ty":0,"mn":"ADBE Slider Control-0001","nm":"Slider","ix":1,"v":{"a":0,"k":40,"ix":1}}]}],"shapes":[{"ty":"gr","bm":0,"hd":false,"mn":"ADBE Vector Group","nm":"Group 1","ix":1,"cix":2,"np":2,"it":[{"ty":"sh","bm":0,"hd":false,"mn":"ADBE Vector Shape - Group","nm":"Path 1","ix":1,"d":1,"ks":{"a":0,"k":{"c":true,"i":[[0,0],[0,0],[11.308,-7.773],[0,0],[0,0],[-10.125,3.569],[0,0],[0,0],[-21.319,7.31],[0,0],[0,0],[2.163,19.592],[0,0],[0,0]],"o":[[0,0],[-1.52,13.638],[0,0],[0,0],[9.91,4.128],[0,0],[0,0],[22.205,3.861],[0,0],[0,0],[-16.139,-11.316],[0,0],[0,0],[0,0]],"v":[[-74.701,-201.721],[-80.561,-149.158],[-100.761,-115.443],[-108.85,-109.883],[-84.614,-99.789],[-53.491,-98.921],[-41.709,-103.074],[2.546,-95.38],[68.89,-100.637],[95.857,-109.883],[95.857,-109.883],[67.065,-158.504],[61.875,-205.521],[14.365,-246.937]]},"ix":2}},{"ty":"fl","bm":0,"hd":false,"mn":"ADBE Vector Graphic - Fill","nm":"Fill 1","c":{"a":0,"k":[0.0196,0.0196,0.0196],"ix":4},"r":1,"o":{"a":0,"k":100,"ix":5}},{"ty":"tr","a":{"a":0,"k":[0,0],"ix":1},"s":{"a":0,"k":[100,100],"ix":3},"sk":{"a":0,"k":0,"ix":4},"p":{"a":0,"k":[0,0],"ix":2},"r":{"a":0,"k":0,"ix":6},"sa":{"a":0,"k":0,"ix":5},"o":{"a":0,"k":100,"ix":7}}]}],"ind":17,"parent":15},{"ty":4,"nm":"tree 2","sr":1,"st":0,"op":120,"ip":0,"hd":false,"ddd":0,"bm":0,"hasMask":false,"ao":0,"ks":{"a":{"a":0,"k":[0,0,0],"ix":1},"s":{"a":0,"k":[132,132,100],"ix":6},"sk":{"a":0,"k":0},"p":{"a":0,"k":[651.644,479.576,0],"ix":2},"r":{"a":0,"k":153,"ix":10},"sa":{"a":0,"k":0},"o":{"a":0,"k":100,"ix":11}},"ef":[{"ty":0,"mn":"ADBE Set Matte3","nm":"Set Matte","ix":1,"en":1,"ef":[{"ty":10,"mn":"ADBE Set Matte3-0001","nm":"Take Matte From Layer","ix":1,"v":{"a":0,"k":20,"ix":1}},{"ty":7,"mn":"ADBE Set Matte3-0002","nm":"Use For Matte","ix":2,"v":{"a":0,"k":4,"ix":2}},{"ty":7,"mn":"ADBE Set Matte3-0003","nm":"Invert Matte","ix":3,"v":{"a":0,"k":0,"ix":3}},{"ty":7,"mn":"ADBE Set Matte3-0004","nm":"If Layer Sizes Differ","ix":4,"v":{"a":0,"k":1,"ix":4}},{"ty":7,"mn":"ADBE Set Matte3-0005","nm":"Composite Matte with Original","ix":5,"v":{"a":0,"k":1,"ix":5}},{"ty":7,"mn":"ADBE Set Matte3-0006","nm":"Premultiply Matte Layer","ix":6,"v":{"a":0,"k":1,"ix":6}}]}],"shapes":[{"ty":"gr","bm":0,"hd":false,"mn":"ADBE Vector Group","nm":"Group 1","ix":1,"cix":2,"np":2,"it":[{"ty":"sh","bm":0,"hd":false,"mn":"ADBE Vector Shape - Group","nm":"Path 1","ix":1,"d":1,"ks":{"a":0,"k":{"c":true,"i":[[-12.562,43.467],[-39.676,-7.969],[-11.115,-14.982],[-11.859,1.3],[-24.178,-36.746],[52.512,-34.162],[33.953,53.008],[-0.255,21.392],[3.452,0.803]],"o":[[11.236,-38.877],[19.868,3.99],[7.108,9.581],[41.065,-4.503],[34.434,52.334],[-52.854,34.385],[-12.402,-19.362],[-3.434,-0.33],[-43.5,-10.115]],"v":[[-145.766,-79.047],[-55.199,-133.981],[-7.722,-103.896],[23.066,-90.812],[130.307,-40.396],[97.419,117.122],[-60.043,83.216],[-77.963,20.757],[-88.3,19.087]]},"ix":2}},{"ty":"gf","bm":0,"hd":false,"mn":"ADBE Vector Graphic - G-Fill","nm":"Gradient Fill 1","e":{"a":0,"k":[203.91,378.099],"ix":6},"g":{"p":3,"k":{"a":0,"k":[0,0,0,0,0.5,0,0,0,1,0,0,0],"ix":9}},"t":1,"a":{"a":0,"k":0},"h":{"a":0,"k":0},"s":{"a":0,"k":[144.742,234.9],"ix":5},"r":1,"o":{"a":0,"k":100,"ix":10}},{"ty":"tr","a":{"a":0,"k":[0,0],"ix":1},"s":{"a":0,"k":[100,100],"ix":3},"sk":{"a":0,"k":0,"ix":4},"p":{"a":0,"k":[0,0],"ix":2},"r":{"a":0,"k":0,"ix":6},"sa":{"a":0,"k":0,"ix":5},"o":{"a":0,"k":100,"ix":7}}]}],"ind":18},{"ty":4,"nm":"tree","sr":1,"st":0,"op":120,"ip":0,"hd":false,"ddd":0,"bm":0,"hasMask":false,"ao":0,"ks":{"a":{"a":0,"k":[0,0,0],"ix":1},"s":{"a":0,"k":[156,156,100],"ix":6},"sk":{"a":0,"k":0},"p":{"a":0,"k":[343.644,439.576,0],"ix":2},"r":{"a":0,"k":-59,"ix":10},"sa":{"a":0,"k":0},"o":{"a":0,"k":100,"ix":11}},"ef":[{"ty":0,"mn":"ADBE Set Matte3","nm":"Set Matte","ix":1,"en":1,"ef":[{"ty":10,"mn":"ADBE Set Matte3-0001","nm":"Take Matte From Layer","ix":1,"v":{"a":0,"k":21,"ix":1}},{"ty":7,"mn":"ADBE Set Matte3-0002","nm":"Use For Matte","ix":2,"v":{"a":0,"k":4,"ix":2}},{"ty":7,"mn":"ADBE Set Matte3-0003","nm":"Invert Matte","ix":3,"v":{"a":0,"k":0,"ix":3}},{"ty":7,"mn":"ADBE Set Matte3-0004","nm":"If Layer Sizes Differ","ix":4,"v":{"a":0,"k":1,"ix":4}},{"ty":7,"mn":"ADBE Set Matte3-0005","nm":"Composite Matte with Original","ix":5,"v":{"a":0,"k":1,"ix":5}},{"ty":7,"mn":"ADBE Set Matte3-0006","nm":"Premultiply Matte Layer","ix":6,"v":{"a":0,"k":1,"ix":6}}]}],"shapes":[{"ty":"gr","bm":0,"hd":false,"mn":"ADBE Vector Group","nm":"Group 1","ix":1,"cix":2,"np":2,"it":[{"ty":"sh","bm":0,"hd":false,"mn":"ADBE Vector Shape - Group","nm":"Path 1","ix":1,"d":1,"ks":{"a":0,"k":{"c":true,"i":[[-12.562,43.467],[-39.676,-7.969],[-11.115,-14.982],[-11.859,1.3],[-24.178,-36.746],[52.512,-34.162],[33.953,53.008],[-0.255,21.392],[3.452,0.803]],"o":[[11.236,-38.877],[19.868,3.99],[7.108,9.581],[41.065,-4.503],[34.434,52.334],[-52.854,34.385],[-12.402,-19.362],[-3.434,-0.33],[-43.5,-10.115]],"v":[[-145.766,-79.047],[-55.199,-133.981],[-7.722,-103.896],[23.066,-90.812],[130.307,-40.396],[97.419,117.122],[-60.043,83.216],[-77.963,20.757],[-88.3,19.087]]},"ix":2}},{"ty":"gf","bm":0,"hd":false,"mn":"ADBE Vector Graphic - G-Fill","nm":"Gradient Fill 1","e":{"a":0,"k":[203.91,378.099],"ix":6},"g":{"p":3,"k":{"a":0,"k":[0,0,0,0,0.5,0,0,0,1,0,0,0],"ix":9}},"t":1,"a":{"a":0,"k":0},"h":{"a":0,"k":0},"s":{"a":0,"k":[144.742,234.9],"ix":5},"r":1,"o":{"a":0,"k":100,"ix":10}},{"ty":"tr","a":{"a":0,"k":[0,0],"ix":1},"s":{"a":0,"k":[100,100],"ix":3},"sk":{"a":0,"k":0,"ix":4},"p":{"a":0,"k":[0,0],"ix":2},"r":{"a":0,"k":0,"ix":6},"sa":{"a":0,"k":0,"ix":5},"o":{"a":0,"k":100,"ix":7}}]}],"ind":19}],"v":"5.6.7","fr":30,"op":120,"ip":0,"assets":[]}